ID_Transaccion;Categoria;Turno_Entrega;Tiempo_Despacho_Min;Monto_ARS
11476;Hogar;Mañana;6.391.768.274.033.700;30.728.138.746.914.000
10668;Electronica;Tarde;2.873.199.310.061.920;16.215.269.652.511.800
10452;Indumentaria;Mañana;39.456.467.207.193.200;3.314.684.307.382.610
11062;Hogar;Noche;4.604.322.131.635.860;31.267.890.572.736.800
10370;Ferreteria;Noche;4.558.298.343.072.840;2.450.312.536.063.850
10737;Electronica;Noche;671.982.914.987.076;17.773.112.339.618.400
10346;Hogar;Tarde;3.608.450.441.480.690;2.868.204.690.808.100
10484;Electronica;Noche;6.423.148.381.437.830;24.990.825.687.396.200
10956;Ferreteria;Noche;30.869.011.476.564.500;21.524.154.299.602.800
11049;Electronica;Noche;7.145.336.160.010.070;30.456.769.820.799.100
10529;Indumentaria;Mañana;47.127.915.828.112.400;16.860.759.829.682.300
11483;Electronica;Noche;3.656.864.512.043.700;1.785.178.812.037.340
10626;Electronica;Mañana;6.313.899.166.453.100;4.345.616.733.562.880
11399;Electronica;Noche;2.883.188.845.546.910;35.796.665.912.376
10943;Electronica;Tarde;4.995.250.261.789.450;5.144.109.314.237.550
11007;Electronica;Tarde;3.578.645.072.176.950;2.588.295.085.373.530
10958;Indumentaria;Noche;4.967.552.703.196.820;2.557.890.808.792.630
10078;Hogar;Tarde;28.282.862.596.929.800;2.711.438.257.580.340
10731;Electronica;Mañana;3.990.128.241.346.170;26.089.383.064.518.600
10844;Electronica;Tarde;3.406.381.255.345.950;2.603.147.352.998.250
11229;Hogar;Tarde;34.904.297.323.094.800;12.016.535.978.550.000
10555;Ferreteria;Mañana;3.763.841.805.265.670;30.869.161.173.450.300
10776;Electronica;Tarde;30.984.725.871.322.300;18.344.950.052.609.000
10139;Electronica;Tarde;3.087.615.723.974.030;22.149.677.643.161.700
10592;Electronica;Noche;3.135.952.845.539.080;15.749.463.101.322.800
10242;Ferreteria;Tarde;4.145.036.721.703.430;2.342.782.304.458.090
10744;Hogar;Tarde;3.211.368.086.453.890;1.982.443.863.000.300
11404;Indumentaria;Tarde;3.595.188.155.823.560;3.785.237.909.030.660
11267;Ferreteria;Tarde;6.461.226.284.315.010;7.755.272.482.055.130
10201;Ferreteria;Noche;5.719.435.668.548.470;21.026.313.408.556.700
10774;Indumentaria;Noche;50.568.193.020.852.400;21.861.431.979.898.000
10692;Electronica;Mañana;16.806.590.579.849.600;28.536.632.294.408.000
11192;Electronica;Tarde;39.617.303.746.306.200;26.080.575.038.894.300
10211;Hogar;Noche;3.766.527.768.856.260;3.579.301.078.534.720
11461;Electronica;Mañana;4.106.555.981.715.250;9.505.637.690.142.080
11462;Electronica;Noche;5.060.221.781.598.240;21.738.579.107.404.100
11117;Electronica;Mañana;6.939.214.198.174.660;29.937.923.634.851.000
10437;Ferreteria;Noche;4.024.870.005.902.220;35.639.974.700.373.200
11491;Hogar;Noche;5.291.853.973.414.340;20.341.542.976.550.500
10514;Indumentaria;Mañana;2.599.658.292.714.220;16.270.967.702.377.400
11083;Ferreteria;Mañana;16.838.356.721.458.300;10.324.869.549.755.300
10152;Electronica;Noche;5.601.391.375.765.080;2.564.565.301.109.390
10486;Hogar;Tarde;4.975.413.925.518.240;27.464.685.286.073.100
10531;Ferreteria;Tarde;4.646.513.783.340.410;12.049.557.529.138.500
11073;Hogar;Mañana;4.946.784.141.309.030;1.423.091.171.235.240
10961;Electronica;Noche;7.314.260.119.841.560;25.858.527.317.295.600
10931;Ferreteria;Tarde;6.853.401.743.516.240;3.348.118.164.162.120
10057;Electronica;Noche;4.552.279.314.587.640;2.303.759.566.933.970
10033;Indumentaria;Mañana;34.343.211.752.475.700;3.191.323.370.776.700
10371;Ferreteria;Noche;47.314.737.474.503.700;3.483.071.436.058.040
10107;Ferreteria;Mañana;6.652.870.539.708.800;3.599.046.261.941.680
10250;Indumentaria;Tarde;32.360.701.179.146.500;3.023.284.476.685.280
10304;Indumentaria;Noche;3.210.989.574.451.030;10.791.981.288.491.700
10814;Ferreteria;Tarde;5.481.981.244.362.010;2.548.109.582.374.630
11494;Indumentaria;Mañana;42.790.494.041.174.700;14.692.398.515.285.600
10721;Hogar;Noche;3.567.559.238.946.140;29.498.946.332.933.400
10249;Hogar;Mañana;6.178.894.417.162.890;4.084.864.715.143.370
10161;Electronica;Tarde;5.772.494.250.564.490;16.350.903.097.618.700
10454;Electronica;Tarde;5.368.767.028.937.570;24.808.181.580.016.200
10900;Electronica;Mañana;6.087.756.450.676.760;17.129.648.658.473.400
10913;Indumentaria;Mañana;3.617.942.132.311.680;2.694.349.883.540.560
10223;Ferreteria;Noche;6.381.535.302.859.060;22.996.810.821.039.300
10025;Indumentaria;Tarde;4.981.578.499.998.240;3.054.659.752.266.080
10190;Hogar;Tarde;3.463.023.943.474.830;1.777.258.866.904.840
11114;Hogar;Noche;2.562.733.348.356.290;3.432.098.991.856.100
11346;Hogar;Tarde;43.077.217.956.213.400;24.388.882.909.865.300
10403;Electronica;Noche;5.813.261.970.767.260;23.070.378.001.598.800
10221;Hogar;Mañana;3.934.628.661.879.150;22.755.386.576.441.500
11147;Indumentaria;Mañana;6.049.677.773.099.760;1.869.108.241.789.890
10366;Indumentaria;Mañana;5.082.363.971.678.010;12.245.372.053.748.300
10883;Ferreteria;Mañana;2.834.021.705.625.470;3.017.927.102.859.840
11345;Hogar;Noche;4.507.219.961.065.170;2.238.389.051.205.200
11163;Indumentaria;Tarde;4.741.577.217.894.880;469.891.594.758.711
10969;Hogar;Mañana;40.151.430.532.168.600;20.850.555.342.914.200
11211;Ferreteria;Tarde;30.890.326.535.386.200;2.345.987.020.925.950
10173;Ferreteria;Tarde;6.084.982.925.659.180;37.284.499.023.323.300
11275;Ferreteria;Tarde;6.243.301.183.561.120;2.829.116.701.726.680
11264;Indumentaria;Noche;3.298.528.810.023.430;2.414.659.454.444.540
10439;Hogar;Tarde;4.327.240.608.345.080;3.377.365.144.272.100
10424;Ferreteria;Noche;237.757.108.392.534;9.101.278.585.118.040
10359;Hogar;Tarde;25.184.902.562.022.400;35.489.246.944.900.700
10101;Indumentaria;Mañana;5.304.625.098.592.560;14.582.086.327.869.400
10687;Electronica;Noche;3.856.422.109.728.220;10.688.084.697.623.900
10654;Indumentaria;Mañana;22.840.079.386.407.900;15.035.835.283.989.300
10632;Electronica;Mañana;6.809.410.272.002.270;18.828.242.838.228.000
10398;Ferreteria;Tarde;3.730.033.157.514.940;2.048.498.228.785.180
10171;Electronica;Noche;5.547.374.870.666.720;1.842.023.269.720.560
10301;Electronica;Tarde;3.308.159.208.887.160;2.304.877.422.939.620
10732;Electronica;Mañana;8.200.805.566.218.730;2.642.168.356.024.150
10821;Ferreteria;Mañana;4.772.758.555.807.590;24.672.485.371.049.200
10516;Ferreteria;Mañana;3.893.674.482.039.580;334.961.294.143.643
10564;Ferreteria;Noche;26.375.756.703.059.500;2.899.271.836.042.650
10289;Ferreteria;Mañana;5.935.285.318.913.360;3.232.866.579.357.320
10597;Hogar;Tarde;16.132.677.584.267.200;3.393.020.531.004.090
11196;Indumentaria;Mañana;5.636.494.309.409.960;1.767.282.084.960.220
10154;Electronica;Mañana;4.470.036.856.920.140;27.262.309.571.869.400
10150;Hogar;Mañana;3.693.465.453.858.200;21.092.866.153.463.700
10510;Electronica;Mañana;4.091.358.448.133.560;18.155.462.108.613.700
11337;Indumentaria;Mañana;4.444.680.657.984.310;2.848.067.518.373.010
10527;Indumentaria;Noche;62.371.662.720.364.500;16.911.665.883.121.500
10506;Ferreteria;Tarde;7.786.237.739.809.120;17.066.716.458.930.600
11328;Indumentaria;Noche;5.403.699.143.551.350;2.434.438.571.949.520
10044;Ferreteria;Noche;6.139.602.879.919.810;20.078.166.474.336.600
10803;Electronica;Noche;3.151.780.217.947.640;18.670.815.115.597.500
11497;Ferreteria;Mañana;3.185.422.899.832.040;23.984.657.567.760.300
11055;Electronica;Tarde;5.260.621.888.139.320;15.552.772.387.433.500
11174;Electronica;Noche;3.495.920.920.843.290;151.132.980.691.822
10920;Electronica;Mañana;6.724.072.191.258.620;3.503.450.826.350.910
10034;Indumentaria;Noche;44.724.764.686.438.400;27.228.953.536.527.300
11090;Ferreteria;Noche;4.298.930.125.114.200;32.185.117.766.533.000
10669;Hogar;Mañana;2.975.626.238.312.620;25.313.236.734.505
10184;Electronica;Noche;7.030.481.794.538.080;19.905.388.402.213.200
11212;Indumentaria;Mañana;5.024.718.513.823.290;28.187.550.906.853.400
10651;Ferreteria;Mañana;379.375.653.522.926;33.462.948.221.397.900
10915;Indumentaria;Tarde;4.169.814.479.565.040;25.082.752.126.686.000
11356;Ferreteria;Tarde;60.818.902.743.405.800;17.796.566.196.284.000
11122;Hogar;Mañana;5.605.936.974.820.570;2.622.838.910.656.590
10541;Indumentaria;Mañana;4.423.721.218.138.380;3.196.199.195.129.040
11226;Hogar;Mañana;4.444.779.740.732.570;29.487.141.781.454.400
11148;Hogar;Tarde;6.671.380.386.768.640;3.036.169.324.506.640
10974;Ferreteria;Noche;7.323.438.350.751.280;26.046.992.959.589.000
11003;Electronica;Tarde;5.922.182.158.650.960;23.723.073.398.014.300
10118;Ferreteria;Noche;4.867.527.893.190.700;23.553.725.088.836.000
10872;Indumentaria;Tarde;32.940.414.017.895.300;30.633.416.979.849.000
11313;Electronica;Tarde;419.386.005.447.662;24.846.435.596.793.300
10543;Indumentaria;Tarde;2.320.252.280.618.580;2.555.089.611.692.050
11467;Indumentaria;Tarde;65.170.141.801.532;3.230.473.624.423.820
10812;Electronica;Tarde;34.515.743.408.045.900;32.706.372.838.875.900
10480;Ferreteria;Mañana;4.048.117.147.009.790;1.038.457.162.817.730
10017;Ferreteria;Mañana;2.537.927.217.662.370;30.228.015.616.446.800
11228;Indumentaria;Mañana;3.154.430.354.032.110;1.809.572.074.333.600
10551;Ferreteria;Mañana;50.958.669.138.621.700;2.284.797.779.293.510
10748;Electronica;Noche;5.425.545.255.481.040;250.851.379.458.612
10966;Electronica;Mañana;5.691.210.090.114.260;23.963.748.738.220.500
10645;Electronica;Noche;3.366.744.998.100.360;400.662.061.392.885
10487;Ferreteria;Tarde;7.351.403.419.491.860;2.475.691.608.392.010
10065;Indumentaria;Tarde;55.304.197.389.708.300;32.052.797.967.825.600
10400;Ferreteria;Mañana;3.723.131.024.919.310;3.005.953.973.094.270
10360;Ferreteria;Mañana;4.142.582.308.950.620;3.109.137.413.917.590
10406;Indumentaria;Mañana;3.976.522.955.064.620;8.904.335.780.001.480
10525;Hogar;Tarde;6.295.036.226.481.950;1.693.070.148.493.230
11035;Indumentaria;Mañana;5.153.512.366.358.860;4.381.281.642.699.560
11315;Ferreteria;Tarde;616.679.903.497.992;1.994.351.393.690.350
10819;Electronica;Mañana;25.288.990.371.989.400;2.207.921.421.807.460
10023;Ferreteria;Tarde;5.299.521.118.726.700;3.150.331.395.917.970
11256;Indumentaria;Tarde;4.655.908.251.223.340;25.954.373.640.176.100
11219;Hogar;Tarde;4.087.651.863.171.570;1.517.342.083.935.280
10593;Ferreteria;Tarde;4.543.313.584.723.510;4.305.017.812.110.280
11172;Hogar;Noche;3.040.575.331.025.000;2.362.269.508.577.560
10766;Electronica;Mañana;5.933.561.934.181.620;1.939.477.876.524.350
10357;Ferreteria;Mañana;23.579.537.503.488.500;2.824.032.434.749.740
11052;Hogar;Mañana;4.299.166.610.151.420;29.918.931.473.149.200
10193;Hogar;Noche;330.075.250.025.477;10.963.663.169.069.800
10367;Indumentaria;Noche;34.553.703.106.160.900;3.854.853.175.622.630
10129;Ferreteria;Mañana;4.624.620.771.423.070;32.912.593.685.563.800
11020;Hogar;Noche;46.696.442.067.303.500;10.632.507.589.306.500
11017;Hogar;Tarde;4.247.859.801.052.130;2.834.478.884.349.780
10205;Electronica;Mañana;15.952.218.982.378.200;1.703.171.897.837.860
10391;Hogar;Tarde;3.473.222.681.674.540;21.021.888.266.910.500
11481;Electronica;Tarde;7.552.549.052.048.860;12.001.749.124.821.900
11314;Indumentaria;Noche;5.168.308.269.793.500;2.553.214.619.168.540
11464;Hogar;Tarde;5.150.821.276.350.340;2.097.308.725.399.590
10402;Hogar;Mañana;43.862.645.677.226.000;2.661.831.245.109.030
10181;Hogar;Noche;4.573.012.257.490.230;3.576.642.613.890.290
10878;Electronica;Tarde;15.998.383.398.210.200;32.277.212.316.470.600
10021;Electronica;Noche;5.330.749.997.672.310;2.751.559.133.881.560
10342;Hogar;Tarde;4.163.617.261.863.640;13.758.006.473.813.500
10344;Hogar;Mañana;3.996.030.735.640.580;3.441.765.438.441.790
10553;Ferreteria;Noche;468.499.361.158.581;11.120.578.942.919.500
10854;Hogar;Tarde;6.550.485.649.018.260;1.671.502.122.019.730
11064;Indumentaria;Tarde;5.636.858.094.166.510;11.203.961.711.401.700
10477;Ferreteria;Mañana;4.957.979.669.320.590;8.145.196.869.137.520
11197;Hogar;Mañana;4.488.726.953.593.830;15.892.119.280.498.500
10806;Ferreteria;Mañana;6.171.774.426.327.680;16.364.303.081.861.300
10026;Indumentaria;Tarde;5.241.893.622.481.640;21.573.238.082.353.100
11173;Hogar;Mañana;4.814.170.398.444.620;18.112.791.132.051.900
10834;Electronica;Tarde;45.465.344.054.997.100;2.163.909.150.739.180
11474;Ferreteria;Noche;4.848.892.362.341.720;3.146.365.239.327.550
11071;Indumentaria;Tarde;62.571.395.216.458.000;3.320.734.388.575.420
10413;Electronica;Noche;5.083.080.184.576.660;9.764.382.077.944.670
10696;Hogar;Noche;56.071.205.623.644.700;1.744.643.484.498.720
10313;Hogar;Noche;5.338.036.449.049.910;278.402.527.853.667
11241;Ferreteria;Tarde;3.642.938.667.825.130;2.956.998.127.670.790
11277;Hogar;Noche;6.091.220.529.383.080;2.803.372.525.466.770
11376;Ferreteria;Mañana;6.912.583.967.035.780;2.705.944.060.846.410
11084;Indumentaria;Mañana;5.190.494.809.769.720;30.449.485.200.992.900
10513;Indumentaria;Tarde;9.124.175.134.308.090;2.767.294.919.703.990
10822;Indumentaria;Tarde;5.930.507.517.248.670;2.324.415.557.428.530
10174;Ferreteria;Tarde;5.183.534.503.000.870;2.930.983.180.842.000
11004;Electronica;Noche;340.718.246.651.999;4.642.381.820.935.900
11005;Electronica;Mañana;25.829.122.813.232.900;25.517.555.512.770.900
11450;Ferreteria;Mañana;28.813.867.498.980.300;1.856.161.001.140.090
11454;Electronica;Noche;6.847.527.255.667.890;2.148.672.583.298.490
11378;Indumentaria;Noche;3.967.427.033.441.770;3.142.243.246.570.570
11489;Electronica;Mañana;7.900.770.292.647.330;31.793.618.474.097.700
10077;Ferreteria;Mañana;13.057.303.888.349.300;904.043.771.349.372
10369;Hogar;Mañana;5.242.819.429.686.160;28.825.618.095.214.000
11244;Hogar;Tarde;681.913.525.235.206;16.098.955.510.094.800
10254;Electronica;Mañana;4.608.566.379.421.550;2.131.986.271.178.960
10743;Electronica;Tarde;5.719.610.447.444.240;2.200.028.737.641.760
10611;Indumentaria;Tarde;6.585.641.211.609.570;25.455.635.522.039.100
10528;Indumentaria;Noche;3.092.733.936.858.440;2.976.630.241.279.480
11393;Indumentaria;Noche;48.735.175.145.467.800;26.338.899.628.093.600
11010;Electronica;Noche;37.453.791.913.430.100;28.266.435.707.342.600
11063;Electronica;Noche;5.583.882.752.430.150;28.540.993.513.866.700
10142;Ferreteria;Mañana;38.127.945.191.793.900;12.960.992.057.366.900
11217;Indumentaria;Mañana;4.350.929.504.810.360;20.541.160.130.756.800
10035;Electronica;Noche;6.467.675.850.311.360;13.581.331.283.876.200
11282;Electronica;Tarde;5.084.400.592.191.850;3.495.623.928.541.310
10754;Indumentaria;Tarde;3.201.200.344.306.410;28.221.777.734.982.500
11448;Indumentaria;Tarde;48.271.132.629.790.800;26.044.124.904.032.700
10423;Hogar;Mañana;21.107.958.009.712.700;21.842.985.502.412.800
10219;Hogar;Mañana;7.034.840.184.939.430;1.209.870.593.567.810
10602;Ferreteria;Mañana;4.167.259.828.115.560;17.302.486.560.154.500
10604;Hogar;Tarde;53.045.870.584.266.800;23.728.514.117.369.700
10283;Hogar;Tarde;3.439.041.989.507.500;3.185.864.612.448.490
10039;Hogar;Mañana;4.114.568.264.469.750;3.006.374.120.480.640
10813;Ferreteria;Mañana;6.378.319.364.639.720;3.660.384.627.916.700
10787;Ferreteria;Mañana;21.094.244.769.734.500;33.050.438.637.212.100
10488;Electronica;Mañana;32.460.688.806.289.500;18.513.190.926.874.500
10074;Electronica;Mañana;3.256.443.812.470.180;16.863.706.644.868.400
10490;Ferreteria;Noche;5.697.381.107.138.160;17.231.214.547.325.400
10102;Indumentaria;Noche;38.637.014.669.578.300;27.786.314.640.798.000
10303;Indumentaria;Mañana;5.916.434.463.273.420;21.896.806.330.527.500
11355;Ferreteria;Mañana;28.920.376.255.887.300;33.786.633.605.552.300
10678;Indumentaria;Noche;319.459.867.472.854;228.303.584.539.142
10014;Ferreteria;Mañana;4.316.479.646.038.340;411.888.045.403.398
11015;Indumentaria;Noche;5.492.134.176.125.020;3.203.105.867.260.510
11188;Hogar;Noche;3.364.034.229.483.050;2.280.657.989.308.460
10464;Ferreteria;Noche;6.114.557.992.861.770;25.308.734.901.858.200
11029;Electronica;Noche;3.447.994.212.595.920;24.667.132.338.151.500
10482;Electronica;Mañana;6.497.218.211.096.690;23.870.219.714.765.900
10660;Ferreteria;Noche;4.294.825.087.545.850;23.532.102.056.011.900
11093;Hogar;Mañana;3.460.902.803.266.970;260.533.554.770.831
11479;Ferreteria;Mañana;5.743.064.152.829.870;24.939.336.896.631.600
10368;Hogar;Tarde;5.765.121.464.094;34.561.765.372.173.700
11321;Hogar;Tarde;465.569.577.164.414;3.812.583.152.804.420
10963;Hogar;Mañana;52.397.580.048.025.800;4.503.693.344.217.250
10428;Electronica;Mañana;2.568.078.915.723.000;38.265.658.980.894.400
10662;Electronica;Mañana;4.828.847.501.632.460;2.537.417.144.672.670
10499;Ferreteria;Tarde;6.125.409.119.745.270;25.518.078.093.636.500
11294;Ferreteria;Noche;778.208.513.893.294;18.827.639.304.388.100
10885;Electronica;Mañana;3.697.926.588.284.030;25.880.264.720.380.000
11249;Ferreteria;Mañana;39.070.417.838.403.800;1.361.143.486.255.090
10830;Electronica;Noche;4.928.877.990.713.970;5.582.373.938.573.880
10265;Indumentaria;Tarde;3.467.244.738.109.230;3.336.107.638.707.410
11357;Hogar;Tarde;47.983.539.932.254.900;29.736.815.688.345.100
10376;Ferreteria;Tarde;2.292.462.835.993.960;34.335.103.005.518.800
10436;Ferreteria;Tarde;23.239.321.233.847.800;2.240.864.146.762.450
10261;Indumentaria;Noche;491.202.161.098.928;17.290.279.457.145.400
11033;Indumentaria;Mañana;766.630.895.553.642;4.420.595.975.567.450
10673;Indumentaria;Tarde;5.141.183.887.492.670;2.954.205.661.668.850
11317;Ferreteria;Tarde;5.205.772.142.641.200;29.105.859.414.521.400
11498;Hogar;Noche;2.427.007.016.110.210;2.256.681.971.449.750
10610;Electronica;Noche;4.340.023.062.845.400;2.923.213.039.913.680
11149;Electronica;Tarde;46.592.624.546.197.500;25.574.107.445.720.400
10253;Electronica;Tarde;4.835.266.659.493.740;3.526.118.913.037.270
10657;Hogar;Mañana;37.821.338.330.678;2.958.256.804.421.010
10953;Ferreteria;Tarde;5.913.357.227.246.040;2.834.420.942.729.490
10827;Indumentaria;Noche;4.777.413.424.311.610;13.823.448.637.516.200
10594;Ferreteria;Noche;4.421.970.467.312.970;3.070.575.856.316.780
10483;Indumentaria;Mañana;5.642.705.667.130.170;3.572.226.056.267.190
11446;Ferreteria;Mañana;3.690.018.546.411.460;14.522.905.007.131.700
11092;Ferreteria;Mañana;5.875.117.378.588.830;3.551.436.008.414.200
10562;Hogar;Tarde;545.236.170.617.058;2.488.050.578.143.380
10694;Indumentaria;Noche;4.777.219.906.146.270;1.675.448.478.863.620
11237;Ferreteria;Mañana;50.339.656.859.396.100;35.627.124.363.294.500
11036;Ferreteria;Mañana;27.211.334.861.507.300;15.869.676.761.951.500
11455;Electronica;Tarde;7.480.696.456.005.150;24.588.643.564.745.200
10200;Hogar;Noche;4.419.383.236.546.310;3.215.239.677.859.830
10755;Indumentaria;Mañana;3.421.134.993.055.550;1.771.060.818.919.330
10940;Ferreteria;Tarde;5.213.049.051.520.810;3.647.632.166.973.600
10214;Hogar;Tarde;61.066.868.606.769.700;2.703.406.623.792.790
10208;Indumentaria;Noche;4.760.874.125.750.640;2.324.460.859.261.190
10255;Hogar;Noche;4.467.291.992.877.240;17.379.535.017.451.400
11031;Ferreteria;Tarde;4.678.864.993.943.830;20.062.918.599.180.800
10334;Indumentaria;Mañana;5.693.554.712.549.610;2.403.136.030.872.760
10418;Ferreteria;Noche;5.860.286.542.688.600;2.150.912.425.025.400
10910;Hogar;Noche;6.550.254.690.908.160;2.507.381.147.315.460
10790;Indumentaria;Tarde;6.705.481.158.054.720;29.037.698.925.204.400
10434;Ferreteria;Tarde;4.035.176.889.534.370;12.378.383.266.937.100
11306;Ferreteria;Mañana;5.608.958.761.248.440;3.486.571.763.151.000
11204;Electronica;Tarde;5.305.973.486.316.300;2.193.779.854.257.340
10702;Electronica;Noche;4.247.240.053.597.690;3.781.558.005.209.910
10896;Indumentaria;Noche;31.449.847.705.545.000;2.135.115.411.887.540
11262;Hogar;Mañana;61.894.448.389.862.200;2.620.178.683.949.490
10587;Hogar;Mañana;6.943.514.405.023.900;29.194.608.287.983.200
10547;Ferreteria;Mañana;47.342.817.344.113.100;26.811.672.248.907.500
10511;Indumentaria;Mañana;4.387.633.733.017.470;1.677.650.591.141.320
11333;Ferreteria;Mañana;5.457.676.402.746.840;14.884.600.643.059.400
11086;Electronica;Tarde;1.921.873.660.706.750;2.828.343.802.555.600
10800;Electronica;Mañana;5.157.573.870.192.600;28.602.133.077.115.800
11247;Indumentaria;Noche;2.404.263.002.672.880;17.016.357.703.814.600
10421;Indumentaria;Mañana;480.907.427.681.927;23.529.224.954.224.900
11426;Hogar;Noche;3.882.915.254.958.760;1.790.123.497.996.460
10504;Hogar;Mañana;3.657.171.504.678.850;2.586.817.020.857.880
10362;Electronica;Mañana;4.353.415.420.393.620;2.211.672.011.544.110
10982;Ferreteria;Tarde;4.780.746.030.729.240;2.671.846.018.301.610
10049;Indumentaria;Noche;4.472.625.052.199.220;3.862.261.604.807.420
11218;Electronica;Mañana;3.981.910.267.994.920;3.863.563.640.315.320
11430;Electronica;Tarde;2.377.536.192.185.920;2.678.738.913.797.430
10700;Indumentaria;Tarde;3.878.312.847.344.510;16.032.334.198.349.100
10258;Ferreteria;Mañana;5.763.674.887.359.210;16.371.703.419.904.000
10905;Indumentaria;Mañana;54.992.490.982.074.900;28.357.281.958.496.500
11389;Electronica;Noche;49.496.618.455.823.400;23.042.523.929.326.900
10399;Electronica;Tarde;4.541.582.532.714.850;24.431.258.994.501.800
11145;Indumentaria;Mañana;28.619.313.008.235.600;9.982.207.145.557.630
10268;Hogar;Tarde;505.084.844.913.332;32.665.639.338.353.800
11116;Hogar;Noche;20.030.853.974.493.500;3.102.769.161.326.660
10563;Hogar;Mañana;3.736.924.168.353.230;2.232.121.213.116.170
10749;Indumentaria;Mañana;50.510.830.359.459.400;23.206.158.347.162.000
11434;Ferreteria;Noche;4.385.854.847.082.060;19.404.121.766.713.500
10028;Ferreteria;Noche;5.197.568.191.522.770;2.604.952.072.275.100
10307;Indumentaria;Tarde;4.954.684.442.387.760;30.959.187.595.149.500
10149;Ferreteria;Noche;6.112.971.209.039.030;2.854.558.927.932.580
11121;Hogar;Mañana;3.147.327.619.948.760;173.805.181.536.768
10763;Indumentaria;Noche;2.579.597.385.955.590;189.287.612.838.368
10318;Hogar;Mañana;4.915.063.565.857.470;18.317.714.355.273.900
11416;Electronica;Tarde;4.012.751.439.496.020;17.059.555.089.888.900
10134;Hogar;Mañana;5.451.361.714.588.830;3.042.111.750.786.670
11415;Ferreteria;Noche;2.991.280.994.456.830;1.848.422.308.443.930
11115;Hogar;Mañana;5.140.645.975.187.500;25.175.050.564.570.500
11180;Indumentaria;Mañana;517.303.465.250.836;2.710.562.338.397.400
10230;Indumentaria;Noche;49.605.967.748.553.600;2.861.288.546.181.000
10928;Indumentaria;Noche;24.349.054.462.445.500;2.002.297.730.194.620
10938;Indumentaria;Mañana;4.012.839.790.081.230;37.561.051.324.637.600
10726;Hogar;Noche;54.722.059.048.613;13.735.173.009.496.800
10094;Indumentaria;Mañana;4.941.787.113.680.780;383.613.006.987.914
11332;Hogar;Mañana;18.627.104.890.860.400;18.593.939.578.190.200
11142;Ferreteria;Tarde;2.384.788.492.529.510;3.658.680.685.543.420
10167;Hogar;Noche;56.737.402.420.509.300;189.291.829.516.989
10609;Ferreteria;Tarde;7.042.994.299.304.530;39.643.150.849.025.300
11208;Electronica;Noche;5.906.086.723.919.670;12.031.044.183.550.500
10846;Indumentaria;Tarde;413.863.313.235.957;10.487.789.215.134.700
10135;Electronica;Mañana;52.129.283.839.798.300;31.324.010.885.293.700
11006;Ferreteria;Tarde;4.131.225.031.533.000;2.001.877.441.230.900
10429;Ferreteria;Tarde;5.528.521.748.701.400;3.129.034.050.715.680
11210;Electronica;Mañana;5.589.005.148.851.500;3.435.515.258.957.000
10858;Indumentaria;Noche;3.588.710.486.480.280;3.192.741.294.644.080
10633;Electronica;Noche;3.455.771.461.555.310;3.617.569.264.366.270
10004;Hogar;Noche;4.150.992.137.220.000;284.369.995.250.694
11013;Hogar;Mañana;5.010.089.050.291.200;18.011.451.728.875.500
10719;Ferreteria;Mañana;2.510.857.411.429.710;28.929.623.508.008.000
11380;Indumentaria;Tarde;2.518.764.339.181.560;3.204.406.131.102.830
10397;Indumentaria;Mañana;4.373.610.829.748.240;219.969.843.552.553
11371;Hogar;Mañana;6.088.115.744.872.210;3.775.265.705.561.470
10990;Indumentaria;Mañana;5.139.179.289.606.990;2.638.643.759.428.630
10856;Hogar;Noche;4.590.482.871.799.450;24.328.145.049.550.600
10007;Electronica;Noche;6.551.485.997.205.220;3.715.109.265.162.130
10300;Electronica;Mañana;6.534.117.220.210.060;1.708.308.832.797.740
10948;Indumentaria;Mañana;4.427.089.657.690.770;26.982.490.236.116.200
10282;Indumentaria;Mañana;6.405.946.590.987.330;134.652.445.920.023
10453;Indumentaria;Mañana;2.814.725.692.633.750;28.722.769.388.213.100
10809;Electronica;Tarde;5.659.520.043.380.710;203.415.394.437.379
11042;Hogar;Noche;7.568.725.932.132.420;18.247.067.062.670.900
10962;Indumentaria;Tarde;16.793.354.173.127.400;3.104.095.395.178.040
11354;Indumentaria;Tarde;4.850.620.764.634.360;20.201.006.651.193.400
10517;Indumentaria;Noche;46.941.168.874.133.900;26.340.140.900.240.300
10612;Ferreteria;Noche;2.965.158.350.785.050;247.967.803.940.406
11477;Ferreteria;Noche;4.118.434.836.291.670;20.608.645.121.557.500
10124;Electronica;Noche;681.678.900.551.714;2.639.567.435.869.360
10347;Ferreteria;Noche;4.211.514.130.391.450;3.547.315.509.534.070
11472;Electronica;Noche;3.182.594.889.489.950;3.775.712.512.973.050
10189;Indumentaria;Noche;5.293.123.268.699.490;4.064.184.024.726.220
11482;Indumentaria;Noche;6.369.401.014.684.470;2.653.194.281.338.530
10997;Ferreteria;Mañana;4.140.151.624.379.750;23.235.895.322.738.600
11291;Electronica;Tarde;440.890.288.442.176;20.986.168.760.568.900
11280;Indumentaria;Noche;6.554.081.508.894.440;181.633.905.570.534
11187;Electronica;Tarde;7.079.769.316.653.870;2.242.469.487.095.920
11102;Ferreteria;Tarde;3.869.407.316.457.550;18.325.495.407.675.400
10588;Ferreteria;Mañana;4.742.036.886.963.760;25.457.090.841.290.100
10115;Ferreteria;Noche;56.542.972.035.764.900;3.828.641.921.550.320
10747;Hogar;Mañana;5.165.420.884.023.260;38.314.499.101.796.300
11439;Hogar;Mañana;4.348.441.834.677.110;23.648.853.412.896.600
10759;Hogar;Noche;246.966.021.579.841;25.882.568.846.777.500
10740;Hogar;Noche;4.937.595.565.880.110;36.113.304.382.964.700
11360;Indumentaria;Mañana;6.775.420.184.562.960;2.262.312.842.241.160
10770;Electronica;Noche;6.041.516.512.201.540;2.622.418.074.980.700
10343;Indumentaria;Tarde;3.608.734.876.905.060;24.713.682.512.493.600
11079;Electronica;Noche;6.054.302.748.197.580;2.066.209.825.577.730
10765;Hogar;Mañana;55.968.697.600.056.000;17.697.085.457.890.900
11452;Ferreteria;Tarde;677.521.930.069.481;3.918.149.814.779.230
10070;Indumentaria;Mañana;45.614.801.846.639.100;13.892.878.873.826.400
10036;Ferreteria;Mañana;30.769.172.656.183.100;26.616.167.495.920.000
11342;Hogar;Mañana;33.441.481.284.207.200;3.376.047.093.185.100
11432;Indumentaria;Mañana;57.766.038.210.309.200;20.544.569.538.520.300
10127;Electronica;Noche;11.801.589.779.597.500;23.215.463.716.154.000
11251;Indumentaria;Tarde;547.674.219.097.847;2.771.548.443.848.710
10003;Hogar;Noche;27.565.392.654.185.700;2.645.287.253.002.800
10495;Hogar;Noche;4.288.748.455.791.210;22.136.751.482.967.700
11139;Electronica;Noche;3.652.239.552.591.030;2.071.662.498.133.320
11268;Electronica;Mañana;28.511.576.244.627.800;21.402.599.414.830.200
11081;Electronica;Tarde;280.728.955.537.868;30.465.527.282.922.500
11283;Electronica;Mañana;2.657.102.226.444.280;2.508.066.373.504.960
11216;Indumentaria;Tarde;609.617.127.500.207;2.505.171.349.758.070
11279;Ferreteria;Tarde;3.516.631.504.005.630;21.417.619.588.618.600
10153;Hogar;Mañana;30.099.326.916.242.100;1.995.048.184.445.290
11361;Indumentaria;Mañana;6.526.703.869.891.840;22.306.827.165.077.700
11265;Hogar;Noche;675.963.258.300.237;3.419.407.480.024.500
10580;Indumentaria;Mañana;4.886.943.242.372.480;2.538.624.224.319.520
10083;Ferreteria;Tarde;7.564.476.788.026.880;22.226.773.108.559.100
11383;Ferreteria;Tarde;25.979.786.889.249.300;2.237.507.733.465.160
11136;Hogar;Tarde;4.666.023.608.483.730;2.275.916.380.656.020
10459;Hogar;Mañana;604.383.268.685.084;2.642.920.582.871.220
10871;Ferreteria;Tarde;691.525.729.406.791;2.632.887.315.150.300
10689;Indumentaria;Tarde;292.055.238.239.954;17.169.526.313.607.500
10325;Indumentaria;Mañana;4.742.344.520.159.980;16.722.739.036.504.500
10985;Indumentaria;Tarde;6.740.374.153.963.300;2.151.869.069.897.440
10566;Indumentaria;Tarde;49.865.999.576.818.600;31.329.672.312.103.000
11296;Hogar;Tarde;32.804.818.174.194.400;2.656.737.718.683.420
11205;Indumentaria;Noche;6.501.525.488.923.940;16.677.997.864.073.500
10257;Indumentaria;Tarde;668.603.783.740.653;2.449.955.931.209.300
11118;Electronica;Tarde;3.790.244.894.045.940;2.303.467.779.232.470
11144;Ferreteria;Tarde;3.392.196.861.748.220;13.463.523.665.134.300
10297;Hogar;Tarde;2.575.233.858.105.280;3.192.602.186.407.670
11367;Indumentaria;Noche;4.407.070.880.852.850;29.193.633.367.212.300
10840;Hogar;Noche;3.245.058.106.064.050;3.390.955.390.146.940
10447;Indumentaria;Tarde;4.603.941.090.823.330;4.647.476.593.938.640
11325;Electronica;Mañana;3.925.982.343.672.190;2.191.694.079.149.850
10789;Hogar;Mañana;6.523.244.130.658.720;2.466.248.239.631.570
10977;Ferreteria;Noche;7.391.354.077.767.290;3.066.101.063.858.000
10685;Indumentaria;Tarde;5.852.416.371.852.610;14.589.415.368.754.800
10302;Hogar;Tarde;3.673.962.642.704.530;28.090.463.054.246.900
10936;Indumentaria;Mañana;18.774.275.157.887.000;21.543.987.165.992.400
10901;Ferreteria;Mañana;3.779.433.763.529.510;3.292.638.470.681.760
10020;Indumentaria;Noche;39.156.050.897.118.100;2.153.679.344.971.880
10126;Indumentaria;Noche;5.529.849.009.227.340;2.757.973.520.801.390
10534;Hogar;Mañana;4.277.208.671.457.550;506.115.037.677.679
11440;Electronica;Tarde;4.969.574.564.869.710;2.708.502.286.080.020
10385;Ferreteria;Mañana;2.590.260.346.136.200;2.633.711.370.568.500
10810;Hogar;Noche;1.966.412.326.006.650;2.192.609.585.229.060
11409;Indumentaria;Noche;4.735.743.524.803.220;2.362.834.540.021.490
10407;Ferreteria;Mañana;3.967.374.152.663.930;2.490.887.673.217.010
10474;Hogar;Noche;7.173.117.477.092.220;15.478.407.775.235.900
11417;Hogar;Tarde;5.484.536.175.943.930;3.247.227.007.977.860
11338;Indumentaria;Noche;4.145.645.802.753.120;4.063.437.790.420.240
11050;Indumentaria;Tarde;2.028.302.837.423.940;3.414.247.711.022.040
10681;Electronica;Mañana;35.765.569.882.536.500;2.590.358.425.953.620
10635;Indumentaria;Tarde;28.088.654.157.802.300;25.308.055.859.966.000
10533;Electronica;Noche;4.264.053.862.198.640;28.477.058.923.765.000
11022;Indumentaria;Mañana;4.565.812.445.641.070;3.192.446.759.005.790
10178;Electronica;Tarde;5.775.140.983.975.210;2.560.736.427.407.580
11245;Ferreteria;Mañana;5.716.714.888.664.860;24.738.477.463.990.300
10136;Electronica;Noche;48.472.691.089.433.500;12.461.366.771.803.700
11408;Hogar;Mañana;5.373.250.566.720.080;2.815.526.826.179.340
10682;Hogar;Tarde;5.540.817.667.470.980;17.884.410.006.083.600
11025;Indumentaria;Tarde;25.687.214.609.110.500;3.550.322.123.135.820
10852;Electronica;Tarde;3.676.279.534.431.420;1.760.970.851.045.630
10233;Ferreteria;Mañana;4.253.730.882.569.240;3.529.251.857.736.480
10320;Ferreteria;Tarde;2.835.531.743.218.860;2.456.015.085.359.280
10706;Ferreteria;Noche;5.096.552.655.760.940;30.981.616.921.053.100
10041;Hogar;Noche;4.304.227.380.154.500;1.845.276.855.577.050
10897;Ferreteria;Tarde;4.366.161.820.625.000;3.272.106.872.457.900
10061;Hogar;Noche;432.389.871.126.756;4.058.253.429.803.450
10952;Electronica;Mañana;387.333.030.385.233;3.411.504.811.868.490
10086;Indumentaria;Mañana;3.975.032.809.268.370;31.716.748.365.337.600
11044;Indumentaria;Noche;3.142.628.021.915.980;608.078.059.687.508
10690;Indumentaria;Tarde;4.811.474.003.106.130;3.315.673.450.424.630
10526;Hogar;Mañana;49.078.097.441.550.200;13.864.430.074.374.700
10172;Hogar;Noche;3.139.310.480.617.120;3.450.175.341.733.120
10404;Ferreteria;Noche;391.713.884.514.131;2.440.923.258.268.360
10015;Electronica;Tarde;38.472.651.032.178.700;22.743.199.839.701.700
10275;Ferreteria;Tarde;3.805.252.700.292.800;25.483.542.319.406.500
10199;Hogar;Mañana;30.010.308.635.247.900;1.994.812.213.851.750
11108;Indumentaria;Tarde;2.769.564.014.575.980;2.832.123.187.478.960
10160;Hogar;Tarde;6.101.398.951.218.730;2.683.522.598.265.140
10619;Hogar;Noche;5.190.105.909.521.150;1.967.636.853.575.280
10053;Ferreteria;Tarde;11.952.593.087.612.000;1.306.184.970.672.100
10038;Electronica;Mañana;5.049.685.749.446.950;23.410.877.922.751.700
11423;Hogar;Mañana;4.442.683.458.793.010;33.168.812.583.248.800
10805;Ferreteria;Noche;4.593.473.468.145.800;16.908.623.429.031.200
10757;Hogar;Mañana;4.703.630.819.876.490;25.453.940.537.296.400
10558;Ferreteria;Tarde;3.209.908.717.315.380;29.498.752.313.873.300
11232;Electronica;Tarde;5.357.817.099.267.530;23.939.474.581.240.800
11269;Indumentaria;Tarde;3.972.263.741.494.160;38.855.195.738.904.000
10196;Indumentaria;Noche;3.769.864.487.236.070;3.980.932.753.557.360
10120;Ferreteria;Noche;25.596.963.846.095.000;2.306.924.980.474.790
10462;Indumentaria;Tarde;39.345.072.612.494.400;17.273.719.838.888.400
11322;Electronica;Noche;7.345.107.272.994.860;21.813.308.446.958.100
10112;Ferreteria;Noche;4.809.371.318.606.790;25.534.519.065.419.200
10096;Indumentaria;Noche;3.689.769.917.438.620;2.616.276.642.200.500
10976;Ferreteria;Noche;7.934.708.696.190.680;28.606.210.029.206.100
10311;Hogar;Mañana;3.341.445.323.528.540;2.772.406.474.193.610
10285;Hogar;Mañana;28.141.477.997.023.600;15.223.833.027.438.700
10469;Ferreteria;Noche;7.798.647.270.835.050;3.057.588.417.874.440
11358;Ferreteria;Tarde;22.695.960.412.093.200;18.461.729.999.735.300
11170;Ferreteria;Noche;4.970.306.950.925.270;19.020.974.170.029.600
10119;Electronica;Tarde;4.203.855.692.036.940;225.474.444.229.292
10247;Electronica;Noche;42.874.564.859.285.600;2.771.681.482.737.350
11207;Indumentaria;Noche;5.795.819.732.503.250;17.094.693.218.636.700
10937;Electronica;Noche;4.699.640.602.705.170;4.367.005.226.964.450
10608;Ferreteria;Noche;6.776.280.163.595.800;3.262.144.330.273.330
10582;Ferreteria;Mañana;1.967.156.524.815.470;26.601.916.587.691.800
10932;Electronica;Mañana;396.975.683.069.747;2.526.980.313.409.700
10644;Ferreteria;Tarde;5.171.099.019.700.180;11.159.730.084.517.600
10927;Ferreteria;Tarde;3.935.735.095.827.460;2.146.715.821.263.180
10030;Electronica;Mañana;4.987.765.194.793.590;32.048.572.588.980.900
10631;Ferreteria;Noche;4.969.678.244.620.890;3.160.581.090.357.740
10795;Hogar;Noche;4.877.681.560.340.900;1.024.868.169.387.770
11466;Indumentaria;Tarde;456.439.836.782.162;130.452.295.399.888
10422;Indumentaria;Noche;42.222.521.565.376.800;9.298.339.359.932.500
10306;Ferreteria;Noche;4.486.370.137.910.610;20.012.285.277.151.700
10054;Hogar;Tarde;33.030.607.833.878.300;26.287.831.577.432
11302;Hogar;Noche;6.059.092.579.563.200;10.563.894.565.703.600
11097;Indumentaria;Mañana;3.370.732.845.921.410;3.596.719.350.647.810
11499;Hogar;Noche;4.874.852.563.676.590;1.713.019.116.271.180
11109;Hogar;Tarde;4.670.436.686.241.490;19.703.361.693.328.200
10979;Indumentaria;Noche;35.175.810.587.959.600;23.101.750.551.277.300
11288;Ferreteria;Noche;4.251.343.203.597.810;23.430.494.833.180.200
10816;Electronica;Mañana;4.922.602.595.744.060;2.651.077.085.704.730
10501;Electronica;Tarde;3.292.514.008.604.560;3.084.289.752.267.150
10839;Electronica;Mañana;6.475.438.255.030.050;2.125.548.798.007.400
11053;Hogar;Noche;29.895.307.898.300.300;28.389.385.589.996.500
10450;Indumentaria;Noche;5.637.159.297.776.200;3.237.131.344.539.580
10540;Hogar;Tarde;4.569.171.159.301.560;9.548.985.113.655.690
10266;Ferreteria;Noche;46.291.092.974.905.100;3.158.647.561.683.340
10226;Electronica;Noche;5.169.000.142.000.770;3.301.933.166.937.600
10674;Ferreteria;Mañana;28.154.091.597.831.700;1.851.548.232.299.700
11427;Hogar;Tarde;37.739.255.454.194.700;3.587.910.037.270.720
11201;Indumentaria;Noche;4.548.602.162.054.510;384.286.076.253.927
11281;Hogar;Tarde;1.859.132.108.637.590;11.882.327.049.037.600
11080;Hogar;Noche;5.380.706.526.319.270;31.585.552.821.543.000
11442;Ferreteria;Tarde;6.818.568.446.488.820;26.287.075.063.934.100
10451;Indumentaria;Noche;4.369.176.602.376.520;18.968.691.765.066.800
10232;Ferreteria;Noche;32.653.229.079.778.800;23.091.145.845.949.600
10470;Electronica;Mañana;41.921.805.382.512.000;2.756.221.928.776.870
10386;Hogar;Tarde;63.579.480.720.616.800;27.108.552.588.283.800
10175;Indumentaria;Tarde;2.877.445.740.629.390;23.309.797.958.797.400
10575;Indumentaria;Noche;4.069.339.961.204.620;223.310.035.856.476
10240;Indumentaria;Mañana;2.493.189.763.184.650;10.844.331.237.467.200
10387;Hogar;Mañana;4.672.065.927.245.950;2.238.357.952.996.720
10656;Hogar;Noche;6.721.857.822.883.200;16.147.044.714.549.700
10099;Electronica;Noche;4.910.050.118.957.880;27.040.426.791.116.600
10804;Indumentaria;Tarde;3.441.861.527.881.230;2.751.225.299.482.930
10284;Indumentaria;Noche;3.084.925.425.945.090;1.754.309.802.834.980
10466;Ferreteria;Tarde;3.494.624.967.410.640;19.405.454.337.378.700
10659;Indumentaria;Mañana;3.225.919.627.266.140;1.928.603.111.157.120
10512;Hogar;Noche;536.525.725.181.189;40.910.144.191.316.300
10951;Ferreteria;Mañana;3.932.557.088.608.180;26.735.251.549.858.900
10778;Ferreteria;Tarde;4.968.104.396.692.450;1.624.707.765.865.590
10478;Electronica;Tarde;458.336.333.999.724;1.976.639.772.099.450
11164;Electronica;Tarde;5.061.417.270.721.710;26.167.140.287.334.800
10500;Hogar;Tarde;4.621.594.306.040.480;2.178.409.953.859.490
11272;Hogar;Mañana;6.703.535.096.311.150;3.795.207.429.829.840
10128;Ferreteria;Tarde;6.295.342.427.703.620;3.057.384.727.385.470
10903;Hogar;Noche;6.371.716.796.874.370;1.467.368.907.079.520
10183;Hogar;Mañana;3.217.004.228.416.110;16.267.110.442.974.300
10585;Hogar;Mañana;4.426.449.939.849.780;18.614.475.004.629.800
11271;Indumentaria;Mañana;23.006.882.536.557.500;27.579.327.861.689.000
10259;Hogar;Tarde;3.955.926.465.630.100;1.784.050.117.166.900
10964;Hogar;Noche;6.437.105.322.324.010;3.141.211.455.101.600
10027;Indumentaria;Mañana;4.325.014.185.251.590;8.624.522.506.217.600
10505;Electronica;Mañana;2.507.092.170.606.650;2.165.729.340.702.910
10067;Electronica;Mañana;2.899.475.120.373.180;1.843.625.525.669.520
10231;Ferreteria;Mañana;4.302.895.640.966.640;22.075.701.729.934.600
10299;Ferreteria;Noche;46.344.933.766.623.800;3.519.510.469.865.370
10066;Ferreteria;Mañana;4.390.396.547.389.390;2.157.199.996.142.330
10170;Ferreteria;Tarde;5.426.505.552.398.620;16.251.542.832.894.100
11171;Hogar;Noche;3.177.849.587.312.880;2.074.908.906.509.040
10051;Indumentaria;Mañana;6.291.797.811.759.660;2.936.858.810.509.680
11235;Ferreteria;Mañana;6.270.068.053.216.750;20.808.801.373.248.500
10811;Hogar;Tarde;3.421.020.014.805.670;2.917.446.992.014.980
11243;Hogar;Noche;40.750.987.367.408;1.248.333.579.109.160
10556;Ferreteria;Mañana;6.093.351.495.524.400;2.257.415.260.765.700
10310;Ferreteria;Mañana;50.848.302.292.085.900;31.899.467.276.442.800
10089;Indumentaria;Mañana;5.533.017.035.528.130;3.263.211.052.677.840
11011;Electronica;Mañana;26.248.972.661.904.000;22.515.535.274.571.300
10182;Indumentaria;Mañana;5.267.606.503.618.500;30.898.020.263.545.500
10215;Electronica;Noche;340.776.483.589.832;2.202.329.406.837.630
11459;Hogar;Noche;6.435.773.128.305.830;26.226.629.297.097.400
10058;Hogar;Noche;3.474.609.299.752.610;2.051.850.779.825.430
10234;Ferreteria;Noche;5.204.997.391.144.750;2.251.706.897.446.340
10640;Indumentaria;Tarde;5.085.919.766.594.040;3.410.987.819.418.880
10891;Hogar;Noche;4.629.532.973.250.550;14.694.355.144.139.800
10606;Hogar;Tarde;12.005.839.222.491.600;2.123.470.910.617.750
10739;Ferreteria;Mañana;3.547.639.620.386.370;2.888.439.436.241.700
10133;Electronica;Mañana;6.183.262.543.202.520;2.241.799.179.105.250
10473;Ferreteria;Noche;3.281.392.501.515.350;26.491.903.631.735.600
10944;Electronica;Tarde;6.685.064.925.092.690;3.075.481.159.432.660
11220;Electronica;Noche;48.994.255.956.729.400;17.725.919.174.137.100
11418;Electronica;Tarde;6.651.700.304.019.080;31.395.146.868.963.500
11234;Indumentaria;Mañana;4.731.912.644.281.160;13.467.841.384.289.300
10876;Indumentaria;Mañana;7.025.319.748.167.670;30.178.139.891.523.900
10493;Indumentaria;Tarde;5.427.726.769.179.780;2.033.149.222.147.250
11447;Ferreteria;Noche;2.862.036.788.000.760;9.280.336.330.664.490
11190;Hogar;Noche;5.295.286.961.014.360;3.119.299.920.542.560
10833;Ferreteria;Tarde;4.426.552.216.466.660;32.025.563.710.025.300
10522;Indumentaria;Noche;320.173.022.283.599;27.211.969.146.991.000
10934;Ferreteria;Mañana;6.746.053.456.401.180;25.255.732.474.161.000
10461;Electronica;Tarde;51.294.982.838.971.000;12.129.850.694.363.800
11403;Indumentaria;Tarde;37.448.466.612.582;23.006.593.296.448.300
10882;Hogar;Mañana;4.173.071.920.097.030;21.675.923.868.882.400
10241;Hogar;Noche;5.327.338.905.318.630;20.002.906.858.607.000
10738;Electronica;Mañana;49.475.661.789.017.600;24.400.352.279.924.700
10598;Ferreteria;Tarde;8.510.266.455.594.710;3.384.505.353.219.250
11453;Hogar;Mañana;5.036.757.523.006.530;28.100.094.466.179.000
10615;Hogar;Mañana;3.225.120.681.467.030;29.058.728.175.143
10006;Electronica;Tarde;5.080.447.948.281.810;3.191.623.926.832.630
11373;Indumentaria;Tarde;547.858.307.436.535;2.012.692.184.628.950
10194;Hogar;Noche;4.734.567.184.377.410;21.493.927.060.971.500
10893;Electronica;Mañana;6.577.723.387.818.480;8.976.407.834.622.690
10817;Hogar;Tarde;6.852.508.914.045.180;11.606.514.409.488.700
11024;Ferreteria;Noche;5.011.690.970.159.560;2.865.573.891.626.770
11087;Ferreteria;Tarde;6.412.483.678.950.060;26.565.392.505.847.800
10637;Hogar;Noche;56.769.004.776.550.600;31.274.398.157.780.900
10664;Electronica;Tarde;5.137.953.606.341.790;3.447.367.316.769.350
11239;Hogar;Noche;45.119.953.494.258.900;30.304.793.973.921.300
11131;Indumentaria;Mañana;5.669.633.244.433.230;2.083.596.073.623.520
10617;Ferreteria;Noche;3.206.471.440.404.830;26.691.662.030.937.800
10750;Ferreteria;Mañana;43.363.372.235.211.400;2.887.406.053.275.440
10378;Indumentaria;Tarde;19.496.926.881.779.000;3.504.778.336.344.920
11103;Electronica;Mañana;6.543.925.539.920.050;29.667.543.827.984.500
10925;Hogar;Tarde;5.601.327.328.062.290;27.712.435.609.063.800
10779;Hogar;Mañana;4.724.897.505.095.080;31.047.209.732.770.800
10648;Ferreteria;Tarde;4.081.337.287.650.450;14.133.359.326.321.800
11487;Electronica;Mañana;6.942.518.939.087.040;31.956.408.853.182.300
10165;Electronica;Mañana;4.045.360.583.407.960;1.972.298.959.152.070
10321;Electronica;Tarde;3.240.262.128.821.740;21.273.423.368.643.100
11312;Electronica;Tarde;5.903.088.080.697.190;3.043.075.096.420.950
10426;Electronica;Noche;3.656.079.775.757.010;341.768.954.168.659
10427;Ferreteria;Noche;7.917.373.054.771.870;24.720.161.999.087.000
10895;Ferreteria;Noche;3.951.955.513.840.900;38.532.817.323.019.300
10884;Ferreteria;Noche;663.038.539.866.294;3.411.127.003.259.530
11209;Electronica;Noche;4.164.974.188.674.390;22.394.193.786.103.200
10569;Hogar;Noche;351.887.998.527.852;30.933.117.971.718.100
10374;Electronica;Mañana;7.799.289.946.742.000;2.452.758.334.192.120
11344;Hogar;Mañana;4.193.067.373.102.690;28.348.613.461.280.600
11438;Ferreteria;Mañana;4.674.657.360.995.090;1.621.408.898.522.930
10080;Hogar;Mañana;4.972.560.733.772.420;1.863.187.147.827.290
10960;Electronica;Tarde;3.435.931.938.663.200;30.772.232.235.657.500
11113;Hogar;Noche;4.500.631.888.855.670;35.646.457.936.275.200
10677;Ferreteria;Tarde;5.903.822.334.407.570;27.559.089.122.196.000
10335;Ferreteria;Noche;5.427.995.906.220.970;252.944.971.661.232
10643;Electronica;Mañana;2.073.249.141.662.510;2.059.893.799.903.760
10546;Electronica;Mañana;45.214.848.873.159;2.791.400.169.778.390
11386;Electronica;Noche;486.486.685.478.344;20.400.400.356.904.900
11058;Indumentaria;Tarde;3.744.868.420.009.750;3.020.367.968.590.150
10114;Hogar;Tarde;5.394.965.750.300.560;19.068.853.786.957.900
11449;Ferreteria;Tarde;4.531.421.048.287.710;11.331.851.974.154.200
10116;Electronica;Tarde;3.967.032.170.823.090;30.317.712.690.471.100
10405;Ferreteria;Tarde;31.727.754.499.655.200;31.372.604.060.232.000
10485;Indumentaria;Mañana;467.530.407.351.167;1.922.345.605.603.490
10330;Electronica;Mañana;5.171.038.953.285.910;4.191.465.371.784.070
10492;Electronica;Mañana;3.644.781.181.075.440;3.765.359.174.497.190
10016;Ferreteria;Mañana;5.724.176.154.086;15.255.136.227.605.400
10775;Electronica;Mañana;622.985.786.781.786;2.360.482.945.324.160
11057;Hogar;Noche;644.996.107.008.863;2.249.827.359.986.090
10291;Hogar;Mañana;17.544.133.021.362.700;23.751.681.866.454.500
10111;Hogar;Noche;60.263.113.749.101.200;26.507.741.832.530.200
10670;Electronica;Tarde;29.892.244.592.909.400;10.120.521.105.387.100
10472;Hogar;Tarde;6.201.720.780.126.470;3.001.466.925.622.500
10646;Electronica;Noche;2.847.507.126.930.890;2.304.444.536.060.500
10457;Ferreteria;Tarde;5.753.241.416.881.140;23.563.148.017.710.500
10340;Hogar;Noche;5.204.338.754.029.390;23.431.945.332.226.400
11186;Ferreteria;Mañana;3.229.631.507.524.530;3.353.375.064.043.460
10180;Electronica;Noche;5.034.250.315.837.260;3.325.494.386.027.860
10236;Indumentaria;Tarde;6.018.101.797.055.780;18.329.599.986.915.200
10159;Ferreteria;Noche;5.078.826.574.626.480;2.713.589.588.422.120
10031;Electronica;Tarde;4.249.913.950.369.740;3.744.800.457.471.360
10414;Hogar;Tarde;5.590.979.770.531.070;3.565.751.288.608.620
10011;Hogar;Tarde;6.049.432.099.842.910;26.349.650.088.761.600
10218;Ferreteria;Noche;50.269.332.141.368.100;27.444.914.890.009.700
10850;Hogar;Mañana;6.206.559.304.072.160;2.975.822.876.659.660
11215;Electronica;Noche;5.731.138.955.971.950;17.805.006.982.762.700
11225;Indumentaria;Tarde;7.054.256.840.918.080;16.405.556.910.188.100
10820;Hogar;Mañana;6.130.792.776.592.950;20.913.497.393.843.100
10213;Hogar;Noche;5.675.578.172.721.840;2.391.912.586.247.320
10930;Hogar;Tarde;4.880.791.813.521.870;3.221.241.005.259.810
10724;Electronica;Tarde;5.756.261.808.724.850;218.198.988.887.211
10823;Hogar;Mañana;44.328.527.889.202.300;1.710.938.588.859.950
10475;Ferreteria;Noche;29.022.229.738.748.300;3.369.885.460.572.770
11146;Hogar;Noche;3.787.953.345.544.410;36.801.290.779.253.500
11023;Indumentaria;Mañana;5.067.999.351.377.110;3.026.078.785.363.590
11066;Electronica;Tarde;325.290.079.909.882;2.521.062.267.154.110
10712;Electronica;Mañana;597.462.405.780.885;3.298.738.258.497.730
11242;Hogar;Noche;4.726.518.435.836.720;30.153.518.884.300.400
11382;Hogar;Tarde;4.231.275.363.504.850;3.076.874.237.188.870
10079;Ferreteria;Noche;3.946.530.832.335.110;3.080.159.578.138.540
10373;Ferreteria;Tarde;5.913.468.315.401.800;3.385.310.227.374.470
10703;Ferreteria;Noche;479.923.191.341.612;3.844.396.504.331.710
11132;Indumentaria;Mañana;20.656.086.287.548.500;2.225.938.342.334.750
10229;Electronica;Mañana;29.039.486.471.983.500;19.087.865.039.830.800
11270;Indumentaria;Mañana;54.589.043.067.853.700;23.794.874.237.747.800
10246;Electronica;Noche;4.198.722.782.564.070;2.136.665.131.072.320
10919;Ferreteria;Tarde;6.506.746.531.449.170;29.911.667.266.166.500
11140;Indumentaria;Tarde;5.353.618.889.303.460;26.316.862.762.465.200
11274;Hogar;Mañana;4.705.914.203.517.430;31.328.238.879.663.200
10169;Indumentaria;Mañana;4.243.126.236.844.370;2.619.177.559.461.760
10860;Ferreteria;Tarde;3.664.079.549.455.940;31.165.109.431.601.100
10292;Electronica;Tarde;507.011.806.266.266;1.333.913.856.803.590
11362;Electronica;Tarde;72.428.528.685.563.200;2.543.481.182.837.610
10561;Hogar;Tarde;46.280.304.283.317.100;15.586.371.883.740.200
11437;Electronica;Mañana;6.012.002.920.867.560;23.416.273.954.955.700
11105;Ferreteria;Tarde;58.415.518.308.185.600;8.521.560.100.733.410
11457;Ferreteria;Noche;7.434.627.379.782.670;213.939.831.266.788
10751;Electronica;Tarde;3.767.103.627.011.000;29.269.968.829.932.500
10443;Ferreteria;Tarde;3.637.065.435.145.840;24.690.289.412.957.200
11206;Electronica;Mañana;5.128.297.121.113.470;3.031.964.366.188.570
10945;Hogar;Tarde;4.967.721.275.215.890;2.933.839.015.444.590
10419;Indumentaria;Tarde;4.176.752.696.520.190;5.737.053.384.584.910
10365;Hogar;Mañana;4.045.553.317.647.100;2.773.880.943.223.680
11350;Ferreteria;Tarde;4.790.354.098.880.360;27.121.589.087.586.400
10843;Hogar;Noche;4.023.329.093.495.890;24.467.742.772.464.800
11110;Electronica;Tarde;3.905.346.255.852.870;2.027.106.610.092.230
10412;Indumentaria;Mañana;3.282.765.483.399.710;2.967.163.995.902.500
10315;Ferreteria;Mañana;43.875.525.737.414.200;25.882.072.939.911.200
10994;Ferreteria;Noche;3.911.527.846.899.140;22.309.421.051.362.700
11168;Hogar;Mañana;53.589.121.618.711.400;17.657.180.544.832.500
10642;Ferreteria;Noche;4.295.328.804.968.740;2.632.586.688.691.930
10863;Indumentaria;Tarde;2.304.891.062.359.960;18.481.683.120.236.400
10489;Electronica;Noche;43.456.844.338.625.000;4.274.674.786.409.100
10671;Indumentaria;Noche;4.751.588.733.076.830;2.015.723.677.298.170
10785;Electronica;Tarde;4.538.140.053.917.450;3.689.330.931.402.530
10448;Hogar;Noche;405.969.173.676.365;17.146.839.438.598.200
10929;Electronica;Noche;3.803.668.353.850.160;20.570.498.063.762.600
10727;Hogar;Noche;5.633.782.439.639.900;336.546.092.083.221
10068;Ferreteria;Noche;4.444.835.541.456.820;2.515.323.932.046.280
11126;Ferreteria;Noche;5.784.088.835.245.550;2.021.791.733.778.850
10879;Electronica;Noche;7.033.190.869.964.850;19.318.504.404.466.300
10055;Ferreteria;Tarde;428.290.402.307.142;45.268.129.322.772.200
10796;Electronica;Tarde;3.809.390.076.541.130;2.316.274.185.017.250
10772;Electronica;Tarde;5.279.797.278.018.400;18.977.957.207.001.700
10327;Hogar;Mañana;6.961.569.944.593.430;3.786.644.377.644.300
10047;Hogar;Noche;4.778.651.238.130.150;15.141.430.823.700.400
10935;Electronica;Tarde;3.743.171.344.373.670;3.533.866.571.334.530
11069;Electronica;Tarde;7.658.515.599.510.940;2.490.923.848.179.770
10157;Indumentaria;Noche;6.843.689.260.293.170;230.866.689.594.477
10382;Ferreteria;Noche;351.654.543.052.972;2.454.327.643.349.220
10356;Indumentaria;Tarde;21.586.636.458.689.000;23.711.507.975.889.500
11319;Hogar;Tarde;4.016.152.823.847.030;224.616.914.746.894
10570;Indumentaria;Mañana;3.146.870.601.222.380;28.448.967.712.779.200
10460;Indumentaria;Tarde;5.531.794.990.780.520;3.758.448.292.851.330
11246;Indumentaria;Tarde;2.320.806.156.167.480;1.854.046.219.940.600
10024;Ferreteria;Tarde;6.017.854.967.740.110;1.878.087.939.312.870
10037;Electronica;Noche;1.257.231.807.371.050;26.719.521.359.511.400
11295;Indumentaria;Mañana;5.297.985.911.417.700;14.779.713.422.936.300
10926;Electronica;Noche;35.750.924.189.317.500;3.551.321.449.078.220
10396;Ferreteria;Noche;7.082.776.744.416.490;1.858.238.172.611.030
10848;Hogar;Noche;5.343.474.930.934.880;29.411.156.396.731.100
10497;Ferreteria;Tarde;3.528.467.961.474.850;18.870.460.229.892.400
10713;Ferreteria;Noche;4.036.918.270.082.230;22.526.769.509.147.800
10890;Hogar;Tarde;38.548.511.943.570.800;226.500.953.075.354
11198;Hogar;Tarde;5.031.926.352.026.910;2.433.465.031.358.370
10225;Indumentaria;Tarde;44.929.508.933.397.400;2.680.983.056.467.260
10287;Electronica;Tarde;5.303.366.170.332.640;27.956.962.834.714.600
10845;Electronica;Mañana;6.071.869.453.695.860;17.437.978.735.380.100
10881;Indumentaria;Tarde;3.789.643.149.343.030;3.232.841.058.494.640
10430;Electronica;Noche;5.944.003.379.378.290;35.785.182.788.855.700
10639;Ferreteria;Noche;5.508.090.778.640.650;21.384.248.083.084.000
10686;Indumentaria;Tarde;1.389.868.666.595.420;2.465.066.384.207.780
11327;Electronica;Tarde;5.842.513.002.090.180;2.354.340.423.926.450
11248;Indumentaria;Tarde;4.304.310.196.440.950;1.794.032.761.414.200
11318;Indumentaria;Noche;24.632.663.069.436.600;8.932.130.270.851.990
10197;Ferreteria;Mañana;4.712.752.750.714.350;26.288.143.084.035.600
11191;Hogar;Noche;15.623.376.867.980.400;30.047.672.616.183.300
10384;Electronica;Mañana;2.702.843.905.103.670;3.473.049.631.479.520
10069;Indumentaria;Noche;29.771.798.952.821.700;2.683.760.597.734.280
10458;Hogar;Mañana;27.027.239.510.964.900;10.949.111.746.892.000
10138;Hogar;Tarde;4.068.613.470.824.710;35.945.038.461.670.900
11391;Indumentaria;Mañana;4.828.488.785.000.980;2.694.409.485.607.760
10140;Ferreteria;Tarde;6.316.109.308.408.620;20.403.624.190.928.900
10532;Electronica;Mañana;4.328.568.066.597.170;3.515.127.714.012.660
11397;Hogar;Tarde;5.607.736.248.909.510;27.821.516.318.580.800
10729;Ferreteria;Mañana;3.849.050.786.890.780;1.653.111.527.576.640
11101;Indumentaria;Noche;6.111.401.419.364.790;3.211.337.378.827.510
11381;Ferreteria;Noche;785.442.547.619.398;2.896.870.797.034.050
10675;Electronica;Mañana;4.013.662.771.502.560;11.111.233.931.212.000
10336;Electronica;Noche;378.449.643.013.056;11.639.956.205.000.800
10573;Indumentaria;Mañana;3.548.485.341.246.480;13.411.281.579.870.000
11257;Hogar;Mañana;3.631.421.178.079.110;24.464.320.773.622.800
11250;Hogar;Noche;4.225.209.122.667.110;18.668.924.111.343.500
10394;Hogar;Mañana;32.877.872.183.890.900;31.736.307.178.597.600
11123;Hogar;Noche;42.620.749.844.230.100;26.140.030.580.609.300
11030;Hogar;Noche;7.058.464.413.788.160;23.730.066.185.845.000
11458;Indumentaria;Noche;6.136.085.379.224.750;21.401.747.168.584.400
10847;Indumentaria;Mañana;21.815.247.904.500.600;25.861.633.182.333.800
11194;Indumentaria;Tarde;4.699.726.817.136.420;29.904.473.406.130.600
10515;Hogar;Mañana;4.566.389.079.105.490;27.302.927.186.582.500
10064;Hogar;Tarde;4.037.175.597.489.310;19.686.206.549.174.200
10281;Ferreteria;Mañana;4.105.824.916.526.290;1.813.482.203.282.660
10166;Ferreteria;Tarde;31.835.363.703.606.300;23.863.939.095.763.700
10090;Ferreteria;Tarde;5.058.743.564.685;18.555.156.812.589.900
10733;Ferreteria;Noche;30.114.625.702.642.200;3.009.870.838.214.180
10666;Indumentaria;Tarde;2.152.629.946.171.090;14.606.435.853.501.300
10866;Electronica;Noche;4.373.155.501.284.280;2.425.055.950.449.300
10625;Indumentaria;Mañana;4.711.408.328.387.150;16.070.419.109.122.400
10950;Hogar;Tarde;3.967.788.974.723.660;29.315.786.989.546.900
10710;Hogar;Tarde;449.473.801.198.719;34.854.145.835.915.900
11021;Electronica;Mañana;30.910.098.932.010.900;1.971.059.492.137.380
10717;Ferreteria;Noche;5.446.223.773.716.920;15.319.434.239.190.300
10535;Indumentaria;Tarde;5.604.584.205.276.890;17.142.079.366.214.500
10001;Ferreteria;Tarde;8.549.571.210.629.260;1.873.182.252.691.690
10216;Ferreteria;Tarde;4.273.746.569.090.160;22.521.176.635.857.900
11045;Hogar;Tarde;6.682.590.873.722.650;30.692.127.922.149.900
10781;Hogar;Tarde;8.111.066.375.896.820;1.936.539.847.833.170
10875;Hogar;Mañana;55.626.315.643.418.700;21.002.597.400.416.100
11470;Electronica;Mañana;4.104.381.918.227.090;20.746.769.402.660.000
11059;Ferreteria;Noche;4.287.585.284.766.280;28.471.918.600.053.600
10542;Hogar;Mañana;2.394.365.032.421.120;22.624.825.189.435.900
11182;Ferreteria;Noche;4.441.493.699.072.010;26.915.915.744.902.200
11384;Electronica;Noche;7.358.912.022.686.340;2.229.879.416.325.480
11169;Hogar;Noche;5.023.035.677.635.860;19.835.904.591.284.800
10123;Hogar;Mañana;5.375.829.441.562.960;198.757.643.479.401
10614;Indumentaria;Mañana;2.846.579.517.205.270;14.908.648.065.988.700
10207;Ferreteria;Mañana;55.711.291.694.287.900;22.893.961.357.890.900
10554;Electronica;Tarde;5.484.721.817.752.630;2.454.322.711.331.150
10273;Ferreteria;Noche;3.117.193.542.595.100;2.805.941.249.388.080
10503;Ferreteria;Mañana;6.076.791.016.479.060;17.579.902.451.796.700
10045;Ferreteria;Noche;5.363.054.440.788.560;11.869.974.381.121.000
10624;Electronica;Mañana;6.670.400.307.299.330;3.455.276.199.956.920
10771;Electronica;Mañana;4.696.653.136.028.870;2.177.448.586.756.960
11200;Electronica;Tarde;297.399.951.486.784;1.727.711.564.495.820
10978;Ferreteria;Tarde;1.832.473.549.101.920;19.385.326.696.092.400
10220;Hogar;Tarde;6.239.686.867.933.950;2.899.528.855.355.680
10791;Ferreteria;Tarde;4.988.147.637.804.440;21.152.340.236.671.000
10971;Hogar;Noche;5.044.679.012.507.030;29.108.392.200.154.100
10341;Ferreteria;Noche;2.990.158.513.368.140;1.169.898.942.198.910
11351;Ferreteria;Mañana;3.595.971.228.258.310;1.982.947.763.384.520
11213;Indumentaria;Tarde;536.553.874.000.268;28.497.848.780.376.300
11433;Ferreteria;Noche;6.750.857.053.444.000;1.971.974.434.619.330
10967;Indumentaria;Tarde;4.169.618.097.755.860;13.917.943.283.941.500
10621;Indumentaria;Mañana;523.491.087.420.011;17.074.439.032.447.200
10996;Electronica;Noche;4.418.080.988.912.860;2.160.325.136.415.840
10760;Ferreteria;Noche;4.108.567.750.561.110;3.141.464.786.035.930
10046;Ferreteria;Noche;8.491.466.151.779.480;17.027.258.109.416.300
10326;Hogar;Noche;3.602.448.284.654.670;2.534.823.848.606.480
10989;Ferreteria;Noche;4.504.142.753.825.900;3.354.816.706.709.550
10784;Indumentaria;Mañana;47.274.282.410.409.400;3.512.292.874.425.250
11184;Ferreteria;Tarde;5.304.566.778.902.550;3.404.921.022.628.940
10324;Indumentaria;Noche;2.064.064.186.858.430;21.293.421.081.307.100
10202;Hogar;Noche;30.689.073.783.805.100;245.977.362.051
11165;Indumentaria;Noche;17.422.397.522.961.700;10.391.636.714.144.700
10867;Indumentaria;Mañana;3.491.582.591.718.600;1.843.287.088.395.460
11377;Electronica;Mañana;5.032.452.382.136.490;17.233.914.692.779.500
10914;Ferreteria;Tarde;44.578.645.298.879.600;3.344.429.578.919.530
10005;Ferreteria;Noche;29.302.830.860.633.500;35.921.190.095.136.600
10295;Ferreteria;Mañana;4.092.131.998.389.840;17.339.957.733.475.600
11047;Electronica;Tarde;7.704.838.693.204.080;28.634.909.659.989.200
11260;Hogar;Mañana;1.251.777.621.430.490;3.829.661.392.811.730
11335;Indumentaria;Noche;43.981.278.936.562.000;3.484.448.343.095.360
10998;Ferreteria;Mañana;3.950.248.416.731.840;2.795.225.865.160.200
10471;Ferreteria;Mañana;57.868.246.591.971.400;2.640.395.974.368.790
11067;Hogar;Tarde;5.546.379.900.520.760;30.867.623.065.128.600
10761;Indumentaria;Tarde;25.683.368.320.526.400;20.224.092.872.193.800
10691;Indumentaria;Noche;6.089.910.834.088.720;13.184.421.522.837.200
10286;Electronica;Noche;27.873.538.612.263;31.732.037.438.527.900
10959;Hogar;Mañana;3.826.847.663.267.050;26.716.346.759.655.700
10198;Electronica;Mañana;4.088.657.464.418.200;22.721.864.179.702.400
11001;Hogar;Noche;5.554.430.687.860.300;12.108.260.553.291.600
11308;Electronica;Tarde;3.884.047.962.028.790;25.516.968.249.444.200
10260;Electronica;Tarde;6.874.180.881.183.130;17.214.145.797.375.500
10797;Hogar;Noche;57.971.170.374.612.600;951.815.532.153.794
11227;Ferreteria;Tarde;4.202.285.227.386.360;14.972.870.630.206.700
11463;Hogar;Tarde;3.436.822.379.630.190;10.331.923.648.065.200
11120;Indumentaria;Noche;3.478.573.386.289.860;3.307.121.644.312.420
10333;Hogar;Noche;206.563.312.882.324;4.182.985.534.253.040
10613;Indumentaria;Mañana;3.308.360.919.796.970;16.837.587.621.908.200
10649;Electronica;Tarde;6.041.556.609.908.530;16.974.286.476.879.600
11471;Indumentaria;Noche;6.003.976.369.481.740;24.434.268.193.759.300
11339;Indumentaria;Tarde;3.707.949.242.155.040;3.495.722.225.228.240
10338;Ferreteria;Tarde;4.023.640.201.764.390;294.447.094.773.515
10113;Indumentaria;Mañana;26.922.873.116.935.800;33.615.382.602.342.800
10549;Hogar;Noche;3.333.121.780.998.920;28.768.846.398.899.800
11374;Hogar;Noche;473.617.188.744.115;3.811.033.545.067.140
11451;Electronica;Noche;5.383.709.038.541.950;29.390.803.406.470.600
10676;Ferreteria;Tarde;3.053.558.040.365.440;2.338.543.922.452.360
10808;Indumentaria;Mañana;44.927.630.671.423.000;23.369.272.554.090.800
10502;Electronica;Mañana;4.893.543.570.485.490;2.886.155.241.292.920
10898;Hogar;Noche;5.849.152.561.133.580;34.005.542.528.135.300
10870;Electronica;Noche;1.739.506.445.648.740;2.659.197.211.033.540
10239;Ferreteria;Noche;6.643.986.394.069.280;14.086.017.958.256.700
10188;Hogar;Tarde;3.882.868.541.010.940;4.366.631.457.319.820
11106;Electronica;Tarde;4.496.750.320.158.170;12.311.186.729.424.200
11324;Electronica;Tarde;485.092.117.820.181;3.852.019.076.334.350
10145;Hogar;Mañana;38.822.607.685.216.200;26.576.214.663.018.400
10600;Electronica;Mañana;7.623.523.116.143.370;22.899.677.413.743.500
10538;Electronica;Tarde;44.391.422.598.822.300;31.726.710.074.933.200
11414;Indumentaria;Tarde;6.955.238.535.168.670;1.927.322.766.937.700
11285;Indumentaria;Mañana;5.790.684.072.633.300;375.229.813.966.772
10793;Ferreteria;Tarde;32.006.595.779.891.200;3.639.169.817.415.840
11488;Electronica;Noche;8.219.084.128.064.860;2.393.582.495.487.920
10432;Electronica;Noche;4.946.881.597.889.700;1.868.686.697.285.910
10088;Ferreteria;Mañana;76.934.198.336.184;21.930.476.643.352.100
10769;Electronica;Tarde;567.946.906.482.067;32.064.369.021.608.200
11157;Electronica;Mañana;6.716.522.816.906.510;3.553.826.246.222.060
10322;Ferreteria;Tarde;4.701.277.761.266.570;16.729.484.238.554
10408;Ferreteria;Tarde;438.369.927.720.901;273.039.007.594.186
11465;Indumentaria;Mañana;55.982.061.397.393.300;1.808.318.287.105.600
11352;Hogar;Mañana;5.826.363.458.660.710;26.419.033.367.315.700
11284;Hogar;Noche;5.913.852.822.804.280;3.455.328.146.019.560
11412;Electronica;Tarde;32.698.174.198.556.800;2.476.559.085.425.380
10572;Electronica;Tarde;6.098.021.439.812.440;29.439.521.596.538.600
10043;Ferreteria;Tarde;438.627.390.627.268;2.388.566.390.578.690
10272;Ferreteria;Mañana;2.575.591.006.052.550;20.522.144.702.879.100
10924;Electronica;Tarde;3.643.992.977.080.010;1.866.104.884.156.550
11395;Indumentaria;Tarde;5.633.887.787.465.690;2.561.387.390.973.200
10491;Electronica;Mañana;4.206.208.769.868.240;7.056.356.999.521.640
10081;Ferreteria;Tarde;4.250.425.005.962.510;20.522.698.481.728.200
11160;Ferreteria;Noche;5.429.349.708.267.160;2.097.474.476.580.580
10237;Indumentaria;Tarde;10.737.782.137.764.800;4.245.885.200.954.160
10155;Indumentaria;Tarde;35.002.192.780.897.200;22.674.314.053.174.200
10684;Electronica;Mañana;4.784.567.593.088.280;3.100.357.256.709.890
10983;Electronica;Mañana;4.844.889.701.840.140;13.551.850.815.364.800
10279;Indumentaria;Tarde;4.192.079.588.707.530;20.464.100.193.524.500
10210;Hogar;Noche;4.693.597.197.360.250;21.090.498.958.791.900
11152;Ferreteria;Mañana;9.540.472.586.217.290;3.766.702.305.223.620
11230;Hogar;Mañana;4.460.045.033.332.250;19.070.452.797.895.300
10148;Electronica;Tarde;4.543.570.158.572.610;27.185.593.592.176.300
10786;Hogar;Noche;4.781.703.821.836.630;13.778.058.214.109.800
11175;Hogar;Mañana;2.969.393.154.251.640;26.395.003.085.400.100
11056;Ferreteria;Mañana;5.396.597.562.170.430;1.694.421.382.558.460
11143;Hogar;Tarde;3.329.189.852.656.010;23.660.606.386.531.200
11061;Electronica;Mañana;6.811.178.717.992.120;30.781.467.529.647.600
10855;Electronica;Noche;48.498.089.459.778.100;3.385.651.388.852.100
11290;Electronica;Noche;5.348.530.619.504.080;91.587.963.275.601
10995;Electronica;Mañana;3.866.230.898.366.930;1.256.932.651.443.980
11402;Electronica;Tarde;63.192.314.775.478;2.496.797.486.531.850
10695;Ferreteria;Mañana;5.190.629.594.160.070;18.104.920.568.040.400
10308;Ferreteria;Noche;5.051.283.453.764.050;14.886.846.919.778.700
10634;Indumentaria;Mañana;5.942.781.534.307.400;1.891.855.415.017.010
11473;Indumentaria;Mañana;59.429.349.293.330.600;24.978.238.439.127.000
10946;Electronica;Tarde;3.228.855.461.823.080;2.876.858.624.754.760
10636;Electronica;Mañana;7.664.166.891.963.680;2.744.896.560.809.560
11203;Indumentaria;Noche;6.163.182.573.713.040;13.283.183.493.995.000
10209;Electronica;Mañana;424.612.367.391.554;24.288.642.395.849.900
10537;Hogar;Noche;3.150.318.205.823.740;352.511.403.918.627
10933;Electronica;Noche;29.427.462.793.695.900;40.064.658.024.557.800
10865;Electronica;Noche;403.886.483.310.261;13.598.694.431.501.800
10467;Electronica;Tarde;4.901.110.473.533.190;34.299.666.292.738.400
11183;Ferreteria;Tarde;4.833.651.205.454.890;28.197.192.843.351.700
11072;Indumentaria;Noche;5.025.512.668.842.590;26.938.778.226.917.700
10243;Electronica;Noche;62.254.357.963.742.400;3.259.338.965.142.130
10389;Electronica;Mañana;1.961.821.667.164.170;3.061.500.625.046.330
11014;Electronica;Mañana;5.507.220.901.510.370;16.248.686.158.302.100
11307;Ferreteria;Mañana;5.724.508.733.907.510;4.078.727.672.198.760
10106;Indumentaria;Tarde;5.490.015.889.675.670;10.555.541.908.663.800
10658;Ferreteria;Mañana;5.397.086.544.679.360;16.493.500.169.106.300
10589;Electronica;Noche;3.907.803.655.613.850;3.239.356.372.792.160
10590;Electronica;Noche;3.714.683.428.069.710;9.309.378.750.658.920
10191;Hogar;Tarde;1.164.581.953.506.700;19.333.858.084.775.800
11323;Indumentaria;Tarde;3.415.326.554.041.570;344.829.582.465.903
10117;Indumentaria;Tarde;5.415.366.563.407.110;2.572.775.181.420.320
11041;Indumentaria;Tarde;4.363.238.649.722.150;2.487.895.944.511.220
11193;Ferreteria;Tarde;4.584.942.677.718.250;15.178.117.267.163.800
10411;Ferreteria;Noche;62.994.880.137.878.500;1.649.672.254.037.500
11468;Ferreteria;Noche;4.641.462.868.393.440;2.704.518.163.080.340
11273;Hogar;Tarde;3.963.084.252.898.020;23.763.086.867.624.700
11258;Ferreteria;Noche;6.653.153.678.759.020;2.732.592.877.560.940
10799;Hogar;Mañana;45.909.132.535.124;5.820.009.030.962.730
10352;Electronica;Tarde;5.525.127.756.935.130;1.694.984.516.539.610
10980;Ferreteria;Tarde;29.445.734.910.375.800;2.671.916.603.070.570
11028;Electronica;Tarde;4.760.514.969.207.780;2.204.375.322.994.910
10509;Indumentaria;Noche;4.848.192.767.788.000;21.739.599.838.636.100
10773;Ferreteria;Tarde;7.415.404.572.274.750;18.689.307.506.905.000
10095;Indumentaria;Mañana;1.923.756.398.788.860;2.151.344.818.267.010
10887;Indumentaria;Noche;4.820.468.822.268.700;2.404.451.300.845.020
11422;Hogar;Mañana;3.482.271.892.462.380;2.320.494.312.086.930
10162;Ferreteria;Mañana;4.622.344.552.476.540;31.004.288.923.482.400
10888;Ferreteria;Tarde;320.997.995.763.219;25.924.783.976.509.700
10479;Ferreteria;Mañana;8.320.249.922.172.960;3.333.888.369.994.240
11388;Hogar;Noche;6.276.258.791.490.210;2.214.314.246.200.860
10179;Hogar;Tarde;5.813.573.793.601.470;12.119.428.420.684.900
10350;Ferreteria;Noche;5.013.918.597.320.830;2.083.694.303.838.080
10831;Electronica;Tarde;3.271.504.964.761.980;1.803.686.692.997.070
11364;Ferreteria;Mañana;6.211.283.243.432.480;3.277.672.655.005.160
10992;Indumentaria;Tarde;24.817.727.456.216.600;38.192.530.297.603.800
10802;Electronica;Mañana;63.647.751.558.215.300;21.539.191.147.545.800
10130;Ferreteria;Noche;4.968.737.520.385.700;32.909.444.482.757.900
10697;Indumentaria;Mañana;4.666.334.218.331.650;21.113.098.492.765.500
10904;Hogar;Noche;4.249.205.785.391.470;1.990.512.330.457.110
10364;Hogar;Mañana;44.259.346.446.657.200;19.742.801.353.691.400
10312;Ferreteria;Mañana;374.684.549.385.168;21.491.314.314.522.500
10746;Hogar;Tarde;4.117.650.232.697.310;1.504.659.909.857.730
10085;Hogar;Noche;62.032.275.245.441.500;2.408.752.662.102.110
10358;Electronica;Tarde;3.641.554.420.823.900;34.909.566.152.515.100
10029;Ferreteria;Tarde;474.997.924.284.527;2.569.142.813.662.740
10837;Electronica;Tarde;2.266.499.467.314.040;3.136.874.164.798.850
10753;Indumentaria;Noche;6.847.757.898.793.310;19.050.707.093.065.800
10838;Ferreteria;Noche;32.663.526.341.177.000;3.186.894.718.460.810
10465;Hogar;Tarde;538.852.788.166.226;28.289.457.276.674.300
11009;Ferreteria;Mañana;4.817.624.577.121.690;9.087.685.542.791.870
10568;Hogar;Mañana;5.446.584.777.032.250;7.587.351.315.007.070
11008;Ferreteria;Tarde;3.734.497.525.188.370;2.493.145.369.591.380
10277;Indumentaria;Noche;13.050.346.866.255.700;18.321.892.884.860.800
10672;Indumentaria;Noche;4.839.451.402.232.800;17.573.026.641.422.200
10217;Electronica;Tarde;414.450.124.340.976;251.639.441.034.082
10441;Ferreteria;Noche;3.627.243.252.124.460;33.385.682.150.093.800
11413;Ferreteria;Noche;15.963.516.791.831.400;1.885.736.587.834.240
10108;Indumentaria;Mañana;4.744.004.998.496.290;21.711.537.665.063.600
10446;Hogar;Noche;3.846.254.488.617.730;3.491.210.393.612.770
10091;Ferreteria;Tarde;6.898.683.502.724.060;3.309.709.168.726.820
11252;Ferreteria;Mañana;4.973.603.848.316.030;3.937.059.141.187.740
10873;Electronica;Noche;5.619.132.179.309.520;3.396.891.903.959.290
11486;Hogar;Mañana;5.279.421.689.771.700;15.296.600.460.398.800
11255;Indumentaria;Noche;2.416.662.668.740.380;12.011.732.924.812.700
10331;Electronica;Mañana;2.679.108.929.021.150;17.372.648.780.978.500
10100;Hogar;Noche;4.479.923.076.520.440;24.547.682.048.146.100
11436;Indumentaria;Tarde;3.441.668.862.332.620;2.679.029.893.246.270
10630;Electronica;Tarde;3.571.145.302.530.830;2.016.270.346.003.820
10548;Indumentaria;Tarde;4.802.849.339.442.670;21.593.689.256.681.600
11330;Indumentaria;Tarde;44.802.405.172.165.000;18.810.198.563.923.200
10294;Indumentaria;Mañana;5.683.348.947.050.170;1.964.796.301.696.140
11287;Indumentaria;Noche;6.631.924.474.428.740;14.492.086.946.475
11311;Indumentaria;Mañana;4.110.912.366.094.110;2.571.884.930.330.700
11292;Ferreteria;Tarde;6.826.732.566.893.550;24.427.702.303.483.800
11195;Electronica;Tarde;495.213.077.327.515;18.108.762.921.736.200
10203;Electronica;Noche;3.069.593.080.470.450;19.887.011.820.224.200
11429;Hogar;Tarde;5.378.236.115.624.420;11.912.089.316.481.800
10988;Indumentaria;Mañana;3.326.964.202.338.840;2.069.860.335.045.240
11040;Electronica;Noche;3.171.068.530.058.100;2.125.954.312.143.450
10576;Electronica;Mañana;4.627.174.296.965.930;18.368.579.095.960.800
10584;Indumentaria;Tarde;3.681.831.001.590.380;19.819.416.035.404.800
10955;Hogar;Mañana;381.040.390.293.866;3.993.629.687.048.980
10410;Hogar;Tarde;536.986.345.120.788;16.919.632.485.729.400
10777;Ferreteria;Mañana;3.500.641.913.612.650;24.126.140.558.507.600
11038;Electronica;Noche;7.148.563.899.675.600;26.837.131.331.118.900
10725;Electronica;Tarde;646.031.114.381.291;2.247.374.098.847.860
10186;Indumentaria;Noche;5.143.218.471.931.040;3.776.838.793.116.440
10010;Hogar;Mañana;2.200.896.946.656.360;2.787.789.411.485.960
10599;Indumentaria;Mañana;5.935.250.596.734.140;32.373.627.880.802.800
11134;Hogar;Mañana;4.092.777.798.589.590;3.698.556.229.532.110
11019;Electronica;Mañana;4.436.496.512.702.640;28.864.506.874.090.500
10780;Electronica;Noche;3.570.098.718.892.650;32.578.899.195.679.700
10718;Ferreteria;Noche;48.298.757.259.089.000;3.917.111.179.511.210
10345;Hogar;Mañana;5.149.092.898.695.270;30.098.829.463.003.100
10736;Ferreteria;Tarde;4.844.808.312.185.900;2.144.084.522.760.920
10735;Hogar;Noche;527.579.525.180.852;13.849.653.068.239.800
10383;Electronica;Mañana;4.723.126.344.352.820;23.418.261.261.778.900
10323;Indumentaria;Tarde;466.918.179.394.364;2.509.981.639.468.370
10092;Indumentaria;Tarde;6.187.197.966.889.780;1.997.292.727.203.880
10361;Electronica;Mañana;2.979.393.012.876.200;14.920.148.172.493.400
10372;Indumentaria;Noche;7.562.618.865.844.270;30.515.239.494.242.100
10909;Indumentaria;Mañana;4.700.939.860.748.460;2.307.205.444.915.840
10579;Indumentaria;Mañana;4.907.132.240.701.410;24.903.903.413.604.200
10987;Ferreteria;Mañana;365.859.717.866.438;2.036.021.120.687.340
10496;Hogar;Mañana;4.247.115.568.783.870;2.044.278.852.673.330
10354;Ferreteria;Mañana;5.788.885.837.499.760;2.477.827.547.003.680
10073;Indumentaria;Tarde;5.046.410.108.706.650;19.872.765.206.015.300
11167;Indumentaria;Mañana;18.259.428.848.279.600;31.882.103.771.209.500
11303;Indumentaria;Tarde;5.244.997.101.341.060;22.044.546.484.314.400
11300;Hogar;Mañana;1.852.619.423.782.730;3.040.327.295.144.830
11305;Hogar;Noche;6.462.473.746.337.150;26.237.573.994.762.500
10857;Hogar;Noche;25.150.934.653.423.400;2.459.432.624.107.610
10256;Hogar;Tarde;44.795.957.483.320.100;24.686.621.035.150.200
11460;Electronica;Noche;4.807.900.340.401.620;4.053.751.690.155.010
10288;Electronica;Tarde;4.573.003.105.324.570;31.436.008.447.591.600
11331;Indumentaria;Tarde;4.214.207.448.504.480;3.730.452.348.884.370
10433;Ferreteria;Noche;493.309.859.207.994;27.764.907.331.082.900
10629;Hogar;Noche;4.717.858.075.172.490;3.655.589.991.157.200
11298;Electronica;Mañana;6.446.132.131.934.550;3.522.899.110.440.910
11370;Hogar;Tarde;3.843.587.614.864.550;16.134.022.778.257.000
10616;Electronica;Tarde;5.584.044.014.283.920;17.522.570.316.133.900
10388;Electronica;Noche;3.662.835.963.441.060;3.204.898.511.423.620
10836;Hogar;Tarde;4.173.688.877.124.080;34.757.685.999.121.500
10280;Ferreteria;Tarde;24.638.955.603.206.800;15.946.106.245.458.900
11037;Hogar;Noche;5.017.345.512.374.870;3.025.648.055.007.200
10688;Hogar;Tarde;47.773.512.253.934.600;26.823.437.360.079.600
11178;Hogar;Noche;319.991.553.805.732;25.665.517.733.772.100
11112;Ferreteria;Mañana;6.748.551.606.989.130;20.559.903.044.402.500
10305;Electronica;Mañana;6.213.577.715.961.180;3.241.925.993.431.040
10125;Ferreteria;Noche;5.917.790.590.520.390;183.096.950.501.969
11034;Electronica;Tarde;3.273.897.283.366.910;21.890.041.398.353.700
10267;Ferreteria;Mañana;5.458.174.619.172.310;16.600.966.072.857.900
10536;Ferreteria;Tarde;20.889.605.144.961.300;2.922.814.307.515.940
10228;Electronica;Noche;3.664.078.313.843.870;16.043.554.191.292.700
11347;Hogar;Mañana;5.489.581.799.484.590;23.819.843.483.055.500
10401;Ferreteria;Tarde;4.861.572.715.662.240;27.319.619.525.998.700
10363;Indumentaria;Mañana;6.617.564.063.897.180;2.280.571.975.429.910
11000;Indumentaria;Mañana;4.331.628.799.572.510;3.145.265.676.328.580
10147;Hogar;Tarde;20.080.807.600.833.400;18.616.052.782.548.100
10663;Indumentaria;Noche;6.433.904.794.073.450;24.142.776.951.715.700
10416;Electronica;Tarde;4.188.553.420.526.430;3.746.976.970.274.740
10195;Indumentaria;Tarde;4.997.957.600.930.220;2.069.472.799.034.610
11419;Electronica;Tarde;4.885.695.978.627.930;32.485.395.651.086.300
11359;Hogar;Noche;2.402.220.527.902.220;31.206.285.254.345.700
11074;Electronica;Noche;4.581.031.089.071.230;14.178.171.697.565.600
11075;Electronica;Mañana;6.519.998.734.255.180;2.809.945.497.267.400
10922;Electronica;Tarde;5.780.587.008.385.910;16.915.030.633.684.700
10923;Hogar;Noche;4.854.488.854.091.660;3.908.791.668.180.280
10012;Hogar;Noche;51.243.545.503.913.900;36.692.209.650.212.000
10008;Hogar;Noche;3.009.815.660.914.980;25.639.811.958.224.500
10468;Electronica;Noche;6.198.052.479.442.550;25.375.204.525.521.600
11222;Electronica;Mañana;649.763.545.559.183;19.976.853.297.733.600
10278;Electronica;Tarde;3.279.968.028.316.620;2.125.154.010.939.310
11046;Hogar;Mañana;201.740.551.150.022;3.481.721.339.298.230
10641;Indumentaria;Tarde;56.893.994.107.288.700;4.076.206.758.907.300
10921;Hogar;Tarde;3.778.389.663.923.270;23.393.640.025.051.000
10040;Hogar;Mañana;6.016.293.360.557.750;33.975.245.687.857.000
10121;Electronica;Tarde;6.116.930.842.658.630;2.634.721.565.548.370
10328;Ferreteria;Noche;4.873.797.814.103.480;22.065.378.672.743.300
10075;Indumentaria;Noche;4.802.550.839.874.820;32.530.062.838.358.300
10886;Electronica;Noche;23.719.371.936.787.800;27.491.585.246.597.600
10868;Hogar;Tarde;5.674.255.747.106.830;31.959.485.219.584.200
10270;Indumentaria;Tarde;31.683.629.921.831.400;4.443.315.457.609.720
10348;Ferreteria;Noche;3.745.282.122.147.620;1.923.816.729.984.830
10375;Ferreteria;Noche;5.298.045.289.938.670;3.931.450.468.691.330
10056;Ferreteria;Tarde;5.922.762.305.575.000;30.417.174.930.861.000
10082;Electronica;Mañana;44.311.788.270.286.200;19.807.570.236.573.000
10132;Electronica;Mañana;5.660.749.115.463.410;2.847.864.976.613.470
10970;Ferreteria;Mañana;6.113.090.168.469.110;43.570.267.522.790.400
10794;Electronica;Noche;5.749.348.992.896.080;3.669.027.422.028.180
10730;Hogar;Tarde;4.707.448.034.678.710;4.109.627.304.768.480
10622;Hogar;Mañana;6.321.404.475.688.910;32.921.558.051.918.700
10048;Indumentaria;Tarde;4.853.643.198.602.100;3.466.760.406.414.520
10009;Indumentaria;Mañana;5.369.098.858.761.000;3.789.432.473.049.910
10578;Indumentaria;Noche;528.564.032.616.852;231.481.201.119.983
10337;Hogar;Noche;5.499.675.475.070.080;20.746.704.797.442.600
10494;Electronica;Mañana;6.503.708.499.737.240;2.262.581.391.227.440
10309;Indumentaria;Tarde;3.575.669.169.890.080;16.252.507.343.228.700
11125;Ferreteria;Tarde;2.994.163.381.171.740;21.449.133.196.405.300
11154;Ferreteria;Mañana;10.175.543.899.501.200;21.908.358.153.952.500
11369;Indumentaria;Mañana;4.508.750.319.998.150;2.426.993.958.134.690
10704;Electronica;Noche;35.125.898.351.980.200;2.948.189.631.590.760
10627;Indumentaria;Tarde;2.340.653.919.935.720;23.569.799.329.736.700
10245;Indumentaria;Noche;31.739.768.181.611.900;2.494.922.863.141.730
10271;Ferreteria;Mañana;4.672.303.565.308.320;3.540.250.553.708.470
10060;Hogar;Tarde;4.182.995.871.673.510;28.763.789.248.933.800
11078;Indumentaria;Mañana;6.329.255.353.068.360;31.292.832.868.928.600
11424;Ferreteria;Tarde;6.347.976.706.904.450;10.438.817.424.033.300
10824;Ferreteria;Mañana;324.196.571.444.416;2.379.179.236.922.350
10072;Electronica;Noche;2.889.556.490.996.820;2.102.185.908.862.120
10032;Ferreteria;Tarde;57.133.938.007.069.400;4.029.927.527.933.430
11401;Hogar;Tarde;8.343.791.488.998.770;5.850.526.786.126.970
10661;Hogar;Tarde;613.475.330.467.565;11.641.598.775.229.200
11089;Indumentaria;Tarde;4.000.242.502.753.600;3.366.370.216.815.280
11111;Electronica;Mañana;6.594.942.719.260.960;31.106.087.374.998.700
10984;Ferreteria;Tarde;6.081.193.014.028.460;29.525.735.836.422.900
11420;Electronica;Mañana;27.094.335.185.087.500;250.359.963.901.482
10156;Hogar;Noche;690.917.923.774.694;3.057.652.219.211.500
11261;Hogar;Tarde;4.956.954.444.522.070;25.422.204.130.382.500
10248;Electronica;Mañana;4.315.232.677.784.920;11.010.031.390.908.800
10941;Electronica;Tarde;4.280.486.469.517.740;3.607.184.392.937.610
10063;Electronica;Mañana;5.361.462.661.257.720;951.532.256.386.351
10557;Indumentaria;Noche;3.798.848.484.262.540;24.727.080.779.885.200
10745;Indumentaria;Noche;6.293.004.177.004.220;16.867.512.967.901.200
10829;Ferreteria;Tarde;28.519.462.839.229.400;3.373.513.051.323.280
10605;Hogar;Mañana;4.960.406.561.039.320;21.652.231.755.862.400
10603;Indumentaria;Mañana;5.511.601.862.241.470;2.901.957.813.383.200
11363;Indumentaria;Tarde;2.463.313.657.113.180;14.252.584.263.026.400
10954;Hogar;Tarde;3.947.662.087.138.360;2.910.854.741.882.700
10560;Ferreteria;Tarde;7.549.940.654.199.680;2.261.762.080.364.560
11002;Electronica;Noche;4.896.966.007.681.930;2.666.803.856.930.590
11223;Hogar;Noche;4.565.810.039.743.460;18.653.392.083.983.400
10062;Electronica;Tarde;44.592.623.498.938.800;18.491.649.964.816.600
10176;Hogar;Mañana;2.508.426.156.365.080;21.480.296.700.747.300
11012;Indumentaria;Tarde;3.661.507.908.177.000;2.478.647.027.871.580
11082;Electronica;Mañana;304.032.695.966.802;2.624.239.873.185.950
11039;Hogar;Noche;35.581.751.783.373.100;17.624.403.783.479.500
10595;Ferreteria;Mañana;6.962.290.422.966.220;24.367.504.130.733.700
11026;Indumentaria;Tarde;46.443.911.646.050.700;29.480.121.179.263.400
10263;Electronica;Noche;3.244.021.381.002.910;13.888.118.910.620.300
11387;Ferreteria;Tarde;5.576.536.112.159.190;2.218.044.107.379.180
10720;Indumentaria;Mañana;6.932.400.149.649.480;3.351.586.202.886.850
11365;Indumentaria;Tarde;4.472.261.117.410.420;354.274.675.321.259
10655;Electronica;Tarde;4.886.641.324.290.160;1.916.047.243.278.360
10762;Electronica;Tarde;2.690.593.036.075.790;2.645.339.418.322.770
10957;Electronica;Tarde;5.181.020.702.575.150;12.874.317.292.790.000
10652;Hogar;Noche;622.544.403.945.209;3.021.697.497.164.420
10151;Hogar;Mañana;4.955.167.126.386.060;28.360.943.986.015.700
11278;Electronica;Mañana;6.960.800.356.338.550;2.061.896.097.188.170
10351;Electronica;Mañana;4.830.104.449.450.070;2.282.835.411.638.340
11166;Electronica;Noche;30.175.967.127.347.800;2.866.013.192.101.390
11107;Indumentaria;Noche;6.408.088.473.509.820;1.969.616.975.928.620
11469;Electronica;Tarde;7.091.224.107.046.480;31.366.845.037.232.300
11405;Ferreteria;Noche;35.452.114.152.365.900;17.819.466.519.997.000
11390;Indumentaria;Tarde;3.529.026.887.504.940;228.185.757.473.592
10577;Indumentaria;Noche;4.373.021.187.227.350;20.026.387.550.088.800
10244;Hogar;Tarde;5.106.385.792.520.170;3.181.876.133.169.410
11421;Electronica;Tarde;4.047.980.325.462.670;2.305.896.969.759.870
11240;Electronica;Mañana;4.399.489.287.084.730;4.148.658.240.908.270
11100;Hogar;Mañana;3.605.407.173.096.770;26.476.514.820.363.000
10880;Electronica;Noche;5.889.366.482.287.330;2.307.817.706.982.040
10087;Electronica;Tarde;5.324.212.188.748.100;17.249.346.947.625.900
10825;Ferreteria;Tarde;5.104.232.581.624.460;19.887.596.823.319.700
10550;Electronica;Noche;44.725.447.739.677.600;14.008.003.620.613.500
10105;Indumentaria;Mañana;37.564.548.859.650.800;3.597.649.139.159.740
10409;Indumentaria;Noche;5.451.810.432.085.830;31.268.664.548.378.300
10767;Ferreteria;Tarde;7.378.501.339.827.900;3.206.118.461.610.490
10815;Electronica;Tarde;4.776.979.163.856.900;2.778.071.282.050.210
10076;Ferreteria;Tarde;5.790.306.363.030.720;19.844.904.569.615.700
11099;Hogar;Noche;3.990.597.548.267.440;3.309.477.666.911.530
11096;Indumentaria;Mañana;5.966.352.048.242.310;24.376.052.827.319.500
10380;Ferreteria;Mañana;5.618.106.296.018.100;15.659.997.125.223.700
10204;Ferreteria;Noche;2.896.124.109.071.760;12.859.702.943.876.800
10650;Hogar;Mañana;3.316.588.846.861.390;32.357.642.345.817.300
10835;Ferreteria;Noche;5.435.283.154.426.130;19.537.741.132.631.400
10507;Hogar;Noche;24.322.059.749.351.200;3.051.545.256.412.100
10851;Indumentaria;Tarde;5.024.392.499.040.440;2.794.529.356.042.760
10435;Ferreteria;Noche;180.861.415.423.491;28.769.149.998.096.700
10212;Electronica;Mañana;15.781.700.441.047.900;32.583.872.958.855.800
11400;Hogar;Tarde;4.562.584.066.823.540;2.436.378.185.833.440
11375;Electronica;Mañana;3.770.464.659.675.280;2.988.047.014.044.960
10093;Indumentaria;Noche;3.300.908.885.757.840;22.426.699.879.532.600
11334;Ferreteria;Mañana;4.758.276.138.360.230;2.919.021.769.246.940
10683;Ferreteria;Tarde;6.894.119.603.299.720;2.237.213.622.871.570
11027;Hogar;Mañana;233.416.563.380.413;884.784.619.967.294
10647;Electronica;Tarde;5.454.439.752.657.910;16.989.132.006.155.500
10947;Ferreteria;Noche;5.308.209.317.627.930;26.746.771.467.183.100
10714;Ferreteria;Mañana;300.565.191.566.622;16.099.373.583.911.500
11133;Hogar;Mañana;5.030.146.299.729.610;1.087.533.758.049.980
10290;Electronica;Tarde;7.529.756.837.481.380;4.049.963.917.550.730
11368;Electronica;Tarde;5.481.738.735.106.800;3.123.128.544.169.640
11406;Indumentaria;Noche;5.799.479.925.393.080;22.338.761.455.373.800
10701;Ferreteria;Noche;35.871.208.709.903.600;8.849.970.347.333.670
10520;Ferreteria;Noche;641.046.049.822.747;9.069.423.620.958.310
10498;Electronica;Tarde;4.056.034.734.891.390;17.025.461.580.024.200
11385;Ferreteria;Tarde;3.805.248.580.390.810;22.196.436.126.110.200
10227;Indumentaria;Tarde;344.509.271.615.479;3.367.780.913.739.950
10853;Hogar;Tarde;6.404.518.259.403.200;31.139.808.580.160.200
11259;Hogar;Mañana;11.859.725.912.649.800;22.114.500.244.180.300
10002;Electronica;Tarde;3.890.696.642.067.250;3.061.004.447.341.380
10222;Indumentaria;Tarde;5.313.695.792.250.350;27.703.469.765.077.200
11159;Ferreteria;Noche;3.874.946.099.648.490;27.174.365.481.058.600
10711;Indumentaria;Mañana;3.044.994.048.736.430;11.876.309.143.548.700
10018;Ferreteria;Mañana;18.857.635.023.996.300;2.198.142.791.905.390
10252;Ferreteria;Mañana;404.662.548.611.772;16.406.772.944.987.100
11233;Electronica;Tarde;3.376.824.617.033.970;22.019.449.260.988.400
11341;Ferreteria;Tarde;52.262.386.783.994.200;215.508.249.345.445
10185;Electronica;Noche;7.010.907.627.183.780;1.013.824.110.913.830
11411;Indumentaria;Noche;499.405.971.837.529;27.813.965.815.000.200
11054;Electronica;Mañana;2.555.964.569.622.910;1.393.652.039.746.570
11293;Electronica;Tarde;12.504.287.348.763.300;19.853.404.833.882.700
10238;Hogar;Mañana;4.858.962.700.230.510;23.574.244.156.918.100
10019;Hogar;Mañana;4.492.557.023.939.940;41.206.456.735.290.000
11297;Electronica;Mañana;56.009.838.411.278.400;3.995.415.426.572.990
11276;Electronica;Noche;3.310.311.982.249.270;3.000.119.090.808.310
10449;Indumentaria;Noche;46.697.013.565.199.500;1.653.183.959.965.950
10463;Electronica;Noche;5.363.669.673.999.670;2.841.461.579.812.800
10912;Electronica;Mañana;3.626.832.609.314.350;2.542.818.238.319.230
10395;Ferreteria;Mañana;34.267.924.543.027.900;1.852.569.370.204.560
10269;Hogar;Mañana;6.882.066.234.104.370;9.268.485.846.911.600
10842;Electronica;Noche;60.749.764.388.570.700;3.404.984.073.327.210
10942;Ferreteria;Noche;31.132.541.861.165.900;3.742.432.861.034.110
10381;Indumentaria;Noche;3.171.126.006.061.080;2.757.240.410.437.980
11396;Hogar;Tarde;48.099.696.571.475.000;4.268.712.794.240.620
10438;Hogar;Mañana;3.737.316.989.955.380;30.436.098.032.635.200
10329;Ferreteria;Tarde;5.132.210.174.813.850;36.982.212.329.936.100
11435;Indumentaria;Mañana;26.739.058.215.161.000;3.066.848.251.885.310
10420;Indumentaria;Noche;5.709.846.265.021.490;1.863.448.189.603.770
11179;Hogar;Mañana;2.661.348.274.863.590;12.838.594.355.532.400
10679;Indumentaria;Mañana;4.179.431.772.006.170;20.109.417.766.247.100
11119;Indumentaria;Tarde;4.454.144.754.873.750;3.189.307.730.377.710
11253;Indumentaria;Noche;4.958.443.845.687.230;3.137.585.746.170.890
11135;Hogar;Noche;4.733.283.638.932.490;23.957.547.269.207.100
10296;Indumentaria;Mañana;454.098.414.129.626;2.579.940.137.773.790
10826;Hogar;Tarde;4.515.262.606.112.140;404.605.818.466.486
10455;Hogar;Mañana;5.022.408.339.604.080;28.530.172.276.173.500
10481;Indumentaria;Tarde;4.023.981.610.907.080;32.548.535.055.205.900
10415;Electronica;Mañana;3.488.669.390.532.200;26.812.735.931.942.400
10084;Hogar;Noche;26.813.140.817.261.500;3.385.480.145.751.850
11410;Ferreteria;Mañana;38.337.669.635.508.400;18.948.114.668.215.700
10972;Electronica;Mañana;4.697.579.834.301.470;21.937.464.124.601.100
11336;Hogar;Noche;4.213.773.891.818.480;26.429.243.848.103.300
10143;Ferreteria;Noche;3.963.424.226.596.130;26.007.871.635.591.200
10524;Indumentaria;Mañana;46.607.403.416.733.600;2.001.139.127.038.380
11070;Electronica;Mañana;3.248.453.731.505.970;12.475.004.348.884.300
10022;Indumentaria;Mañana;6.137.327.136.470.990;13.595.253.476.175.100
10680;Ferreteria;Tarde;53.404.596.619.846.500;196.275.031.953.259
10158;Electronica;Noche;3.011.485.740.187.720;1.468.187.534.587.950
10530;Electronica;Noche;2.827.878.439.012.660;17.135.022.923.345.200
11478;Indumentaria;Mañana;4.820.179.528.919.710;982.862.099.152.262
10665;Electronica;Noche;7.828.109.515.801.260;18.441.075.639.729.900
11151;Electronica;Mañana;570.438.595.362.099;22.921.220.663.975
11098;Indumentaria;Mañana;24.359.366.043.159.600;33.264.599.876.788.100
11127;Indumentaria;Noche;59.366.846.027.053;2.635.199.728.248.920
11176;Hogar;Noche;3.737.415.943.112.890;235.387.036.810.904
10476;Electronica;Tarde;57.134.782.725.494.600;3.154.501.828.998.540
10752;Indumentaria;Noche;4.096.508.239.044.980;3.395.060.522.965.130
11202;Ferreteria;Noche;56.236.347.663.796.000;3.227.848.177.962.850
10508;Ferreteria;Mañana;3.961.466.154.216.320;2.402.939.776.553.300
10274;Electronica;Mañana;6.396.867.566.007.690;13.792.645.375.126.900
10144;Ferreteria;Mañana;3.909.027.955.046.360;2.523.972.352.077.800
10601;Ferreteria;Mañana;27.640.200.195.232.700;20.989.076.644.128.300
10707;Ferreteria;Tarde;4.736.626.171.544.570;3.258.965.533.994.450
10444;Ferreteria;Noche;6.057.359.389.298.630;19.085.195.045.068.000
11091;Hogar;Mañana;8.889.836.895.240.860;16.396.617.785.242.600
10758;Electronica;Mañana;22.129.418.250.182.900;2.623.587.196.575.240
11138;Ferreteria;Noche;542.355.109.404.383;307.423.479.609.905
10877;Indumentaria;Noche;3.709.317.921.877.320;10.130.181.031.250.600
11493;Indumentaria;Noche;6.992.161.520.592.590;33.568.664.645.824.200
11177;Ferreteria;Noche;35.088.869.459.470.300;21.510.065.839.065.400
10841;Ferreteria;Mañana;6.874.838.294.538.750;9.439.450.137.090.300
10177;Hogar;Tarde;44.762.704.346.068.900;2.939.759.534.648.800
11445;Electronica;Mañana;2.424.819.722.897.010;3.939.695.008.041.540
10788;Ferreteria;Mañana;6.437.920.044.850.290;24.507.573.296.518.400
11299;Indumentaria;Noche;4.671.520.336.955.530;3.022.901.510.389.570
10298;Electronica;Tarde;3.860.359.462.330.240;1.831.204.126.722.970
10628;Hogar;Noche;4.770.874.809.912.540;3.041.318.351.439.420
11162;Indumentaria;Tarde;669.260.720.030.234;3.065.636.715.307.250
11189;Ferreteria;Mañana;5.472.132.546.990.610;242.725.746.174.106
10146;Hogar;Mañana;2.333.163.834.712.800;28.327.812.969.742.400
11137;Indumentaria;Tarde;4.688.549.733.265.470;3.798.110.030.428.330
11348;Ferreteria;Noche;2.021.449.476.444.280;2.251.704.973.134.960
11353;Indumentaria;Mañana;6.254.701.428.882.820;8.201.014.142.247.620
11407;Electronica;Tarde;6.911.461.381.674.320;3.514.111.500.848.360
10939;Indumentaria;Noche;7.950.593.464.027.750;23.976.202.915.771.800
10052;Hogar;Noche;6.366.050.922.202.290;3.198.813.139.575.800
11329;Electronica;Tarde;60.627.782.156.220.400;33.726.581.342.844.100
10431;Indumentaria;Tarde;8.045.576.803.945.050;1.888.043.807.297.370
10583;Indumentaria;Tarde;6.213.240.042.379.290;2.506.623.419.466.740
10911;Electronica;Tarde;32.335.814.722.155.000;3.507.106.698.631.620
11444;Hogar;Noche;320.406.132.474.718;5.774.587.259.263.840
10349;Hogar;Noche;6.665.994.998.361.810;2.515.275.775.966.050
11398;Ferreteria;Mañana;57.151.209.778.637.700;214.219.232.729.373
11301;Ferreteria;Mañana;4.059.229.445.479.340;23.938.854.845.927
10861;Electronica;Tarde;2.314.743.195.910.010;1.843.633.720.355.460
10042;Indumentaria;Mañana;3.593.491.392.655.030;18.328.125.166.404.200
10801;Indumentaria;Tarde;29.524.244.820.996.500;26.754.477.084.641.300
11480;Hogar;Tarde;68.414.246.986.486;21.237.574.859.168.300
10981;Ferreteria;Tarde;4.427.690.877.769.400;137.436.622.916.606
10792;Electronica;Tarde;5.493.721.590.246.770;3.377.360.505.686.640
10889;Electronica;Tarde;2.954.978.136.205.330;16.068.761.760.399.700
11077;Electronica;Mañana;22.133.769.928.185.300;16.225.713.300.405.200
10355;Hogar;Noche;5.019.266.618.749.110;220.282.280.011.076
11155;Electronica;Mañana;2.901.450.423.966.830;3.225.252.608.546.960
11316;Indumentaria;Mañana;5.059.249.487.697.940;22.504.784.135.128.900
11153;Indumentaria;Tarde;29.172.322.918.452.600;13.415.492.570.855.000
10968;Indumentaria;Noche;48.840.822.964.248.800;6.615.107.302.962.030
10559;Indumentaria;Noche;5.335.261.767.829.380;2.189.759.912.906.980
11043;Electronica;Tarde;5.656.558.379.929.880;22.950.875.247.716.500
10709;Ferreteria;Tarde;18.883.960.349.060.200;25.330.948.351.991.100
10708;Ferreteria;Tarde;4.221.994.315.776.360;2.296.601.494.869.810
10314;Hogar;Tarde;49.400.909.334.628.500;17.367.686.915.645.100
10716;Hogar;Noche;6.406.049.377.638.280;18.082.222.923.847.200
10916;Indumentaria;Mañana;3.609.307.016.615.510;4.209.216.596.232.080
10519;Indumentaria;Noche;13.261.200.067.935.100;12.657.494.863.440.200
10456;Indumentaria;Mañana;27.270.857.236.087.100;28.041.586.953.227.100
10798;Electronica;Mañana;585.517.355.413.665;18.877.759.504.453.200
11343;Electronica;Noche;3.898.896.646.218.910;31.634.271.307.407.000
10122;Indumentaria;Noche;563.881.649.987.975;23.328.000.314.450.100
11428;Indumentaria;Mañana;2.614.857.982.656.540;2.118.033.981.242.300
10098;Indumentaria;Noche;3.596.841.970.828.110;2.681.206.919.737.600
10991;Ferreteria;Mañana;4.225.212.981.424.310;17.349.780.339.478.900
10908;Hogar;Tarde;35.252.677.827.887.600;22.423.894.582.337.300
11392;Ferreteria;Tarde;3.871.026.682.002.410;2.563.034.414.566.270
10618;Hogar;Mañana;7.859.614.559.891.790;33.923.733.464.761.600
10620;Ferreteria;Noche;6.126.790.569.742.630;4.108.385.307.673.260
10734;Indumentaria;Mañana;6.003.127.824.885.610;12.677.300.055.028.800
11492;Hogar;Tarde;6.523.987.594.418.760;13.967.260.855.362.900
10782;Ferreteria;Tarde;4.758.891.155.872.290;1.891.861.555.907.820
10591;Ferreteria;Tarde;4.443.964.738.137.090;20.484.842.867.946.300
11156;Indumentaria;Tarde;3.349.473.709.647;14.734.839.932.429.900
10332;Ferreteria;Noche;7.415.815.339.662.900;2.507.235.366.559.170
11441;Indumentaria;Mañana;4.443.510.084.711.830;27.389.235.586.075.900
11289;Electronica;Tarde;28.773.787.690.517.300;19.630.851.145.895.000
10316;Hogar;Mañana;2.611.902.526.105.480;26.028.431.387.120.500
10742;Indumentaria;Mañana;5.254.927.003.224.970;17.045.786.306.488.300
10353;Ferreteria;Noche;360.879.813.483.767;22.248.191.428.529.600
11495;Electronica;Noche;3.701.008.541.236.860;29.471.247.689.313.200
10109;Hogar;Tarde;3.215.540.145.835.270;23.952.406.222.524.200
10379;Electronica;Noche;52.924.545.520.003.700;2.164.670.446.532.820
10545;Ferreteria;Tarde;26.689.949.254.771.300;14.155.764.003.389.800
10104;Indumentaria;Mañana;6.717.190.239.259.890;3.120.613.773.922.540
11366;Hogar;Mañana;5.552.773.928.238.130;2.211.974.802.404.030
11161;Electronica;Noche;511.609.599.490.364;13.707.470.758.528.300
11340;Hogar;Tarde;4.859.383.321.086.250;25.247.403.342.259.900
10187;Hogar;Tarde;4.795.950.629.989.270;2.214.609.149.392.770
10899;Hogar;Noche;5.616.876.040.799.510;15.406.902.125.213.800
11088;Ferreteria;Tarde;5.652.269.346.694.270;17.969.704.893.343.100
10276;Electronica;Tarde;3.294.954.305.909.590;23.530.695.739.980.200
10768;Ferreteria;Noche;7.323.542.787.770.210;21.564.278.851.990.700
11129;Indumentaria;Noche;6.401.883.199.997.830;1.540.498.307.672.050
10849;Indumentaria;Noche;5.125.895.171.787.270;3.062.153.907.855.010
10638;Indumentaria;Noche;7.087.675.998.387.850;4.074.781.046.741.230
11124;Indumentaria;Mañana;4.563.723.808.384.760;3.179.695.573.960.560
10425;Electronica;Tarde;6.102.807.234.873.860;229.403.185.207.086
10741;Indumentaria;Noche;4.225.232.596.642.150;31.488.706.718.316.700
10103;Ferreteria;Mañana;308.977.662.834.493;19.140.252.343.906.700
10818;Ferreteria;Mañana;4.244.730.500.240.170;22.042.423.552.231.300
10975;Indumentaria;Noche;4.514.896.529.599.900;1.909.094.245.086.550
10715;Ferreteria;Mañana;4.407.685.089.179.920;16.757.548.213.645.200
11231;Ferreteria;Noche;3.617.645.310.618.470;19.845.745.460.411.600
10445;Hogar;Mañana;4.629.551.350.610.130;19.225.702.390.124.700
11051;Electronica;Mañana;475.416.274.628.953;3.490.690.266.008.080
10756;Indumentaria;Mañana;3.355.276.765.284.420;2.347.873.645.009.010
11443;Hogar;Mañana;33.762.851.029.595.900;17.619.258.665.379.700
10163;Ferreteria;Mañana;6.459.836.192.646.520;3.058.576.668.908.380
10013;Hogar;Noche;611.427.498.199.548;1.802.277.056.645.360
11372;Ferreteria;Mañana;4.803.081.924.038.460;2.185.982.636.056.960
11085;Electronica;Tarde;2.475.676.727.738.440;2.901.615.416.797.490
10168;Hogar;Tarde;3.626.044.688.550.820;30.123.177.479.293.400
10993;Ferreteria;Mañana;5.523.089.262.865.200;30.011.923.212.084.400
10581;Electronica;Noche;2.970.657.552.420.170;2.156.314.044.833.500
11485;Hogar;Noche;5.608.373.206.565.520;1.328.446.213.269.060
10224;Indumentaria;Noche;5.112.517.746.592.160;3.500.763.579.381.470
10892;Electronica;Tarde;24.283.353.661.278.700;1.780.986.220.378.080
10059;Electronica;Tarde;5.564.300.365.961.060;8.820.307.322.232.840
11032;Electronica;Tarde;5.701.746.029.735.880;16.758.750.932.291.200
11214;Indumentaria;Tarde;6.076.642.681.048.990;12.901.795.258.071.400
11185;Ferreteria;Mañana;5.049.848.635.789.680;2.582.363.533.591.120
10986;Ferreteria;Mañana;5.951.231.623.857.950;13.507.658.127.646.100
11304;Indumentaria;Mañana;4.265.239.453.746.940;17.245.778.501.342.700
10235;Ferreteria;Mañana;7.372.068.458.996.980;1.724.856.521.401.130
10918;Ferreteria;Mañana;5.717.910.492.592.930;17.526.818.295.137.200
10567;Ferreteria;Mañana;3.963.133.364.428.250;2.093.391.719.283.890
11094;Indumentaria;Mañana;4.995.436.294.699.710;2.603.309.562.516.130
11238;Electronica;Tarde;4.938.977.081.100.890;2.864.549.623.131.750
10552;Electronica;Mañana;25.979.466.757.482.700;2.520.901.978.348.630
10319;Indumentaria;Tarde;5.598.210.845.227.670;2.556.198.862.571.830
10917;Ferreteria;Noche;3.051.363.876.590.610;14.890.333.648.167.900
10440;Electronica;Noche;5.743.987.235.892.230;18.966.351.348.839.600
10699;Hogar;Mañana;5.855.221.062.811.020;2.045.996.052.890.300
10392;Ferreteria;Noche;7.291.026.668.805.800;3.543.270.768.037.590
10596;Electronica;Tarde;4.374.598.292.113.610;3.127.992.463.076.920
11065;Hogar;Noche;6.688.660.735.952.960;1.908.533.768.514.620
10832;Hogar;Tarde;61.418.104.031.991.300;2.845.163.067.195.800
10393;Ferreteria;Noche;5.788.965.146.540.160;3.971.014.739.013.090
11016;Indumentaria;Noche;5.136.709.641.371.860;33.867.653.251.542.500
10539;Indumentaria;Mañana;2.732.005.365.793.120;2.215.453.671.793.690
11224;Electronica;Tarde;3.877.497.626.497.320;4.047.744.983.531.050
11490;Electronica;Tarde;6.740.907.299.697.510;2.804.312.843.118.320
10705;Electronica;Tarde;3.909.364.025.290.180;1.851.693.044.460.010
