11476;Hogar;Mañana;6.391768274033701;30728.138746914083
10668;Electronica;Tarde;28.73199310061923;16215.269652511872
10452;Indumentaria;Mañana;39.456467207193285;33146.84307382616
11062;Hogar;Noche;46.04322131635865;31267.890572736826
10370;Ferreteria;Noche;45.58298343072845;24503.12536063852
10737;Electronica;Noche;67.1982914987076;17773.112339618478
10346;Hogar;Tarde;36.08450441480691;28682.04690808101
10484;Electronica;Noche;64.23148381437832;24990.825687396293
10956;Ferreteria;Noche;30.869011476564506;21524.154299602826
11049;Electronica;Noche;71.45336160010078;30456.769820799145
10529;Indumentaria;Mañana;47.127915828112485;16860.759829682334
11483;Electronica;Noche;36.56864512043708;17851.78812037343
10626;Electronica;Mañana;63.13899166453109;43456.16733562889
11399;Electronica;Noche;28.83188845546912;35796.665912376
10943;Electronica;Tarde;49.95250261789451;5144.109314237558
11007;Electronica;Tarde;35.78645072176954;25882.95085373532
10958;Indumentaria;Noche;49.67552703196828;25578.90808792638
10078;Hogar;Tarde;28.282862596929817;27114.38257580347
10731;Electronica;Mañana;39.90128241346174;26089.383064518614
10844;Electronica;Tarde;34.06381255345951;26031.47352998252
11229;Hogar;Tarde;34.904297323094816;12016.535978550097
10555;Ferreteria;Mañana;37.63841805265679;30869.161173450368
10776;Electronica;Tarde;30.984725871322333;18344.950052609005
10139;Electronica;Tarde;30.87615723974032;22149.677643161725
10592;Electronica;Noche;31.35952845539081;15749.463101322846
10242;Ferreteria;Tarde;41.45036721703431;23427.82304458093
10744;Hogar;Tarde;32.11368086453896;19824.43863000308
11404;Indumentaria;Tarde;35.95188155823568;37852.37909030668
11267;Ferreteria;Tarde;64.61226284315018;7755.272482055134
10201;Ferreteria;Noche;57.19435668548474;21026.313408556733
10774;Indumentaria;Noche;50.568193020852455;21861.431979898065
10692;Electronica;Mañana;16.806590579849672;28536.632294408064
11192;Electronica;Tarde;39.617303746306206;26080.575038894352
10211;Hogar;Noche;37.66527768856263;35793.01078534725
11461;Electronica;Mañana;41.06555981715251;9505.637690142088
11462;Electronica;Noche;50.60221781598241;21738.579107404104
11117;Electronica;Mañana;69.39214198174668;29937.923634851057
10437;Ferreteria;Noche;40.24870005902223;35639.974700373255
11491;Hogar;Noche;52.91853973414346;20341.542976550543
10514;Indumentaria;Mañana;25.99658292714223;16270.967702377468
11083;Ferreteria;Mañana;16.838356721458368;10324.869549755336
10152;Electronica;Noche;56.01391375765088;25645.65301109393
10486;Hogar;Tarde;49.75413925518245;27464.685286073123
10531;Ferreteria;Tarde;46.46513783340419;12049.557529138568
11073;Hogar;Mañana;49.46784141309032;14230.91171235246
10961;Electronica;Noche;73.14260119841568;25858.527317295688
10931;Ferreteria;Tarde;68.53401743516244;33481.18164162128
10057;Electronica;Noche;45.52279314587649;23037.59566933976
10033;Indumentaria;Mañana;34.343211752475725;31913.23370776709
10371;Ferreteria;Noche;47.314737474503794;34830.71436058043
10107;Ferreteria;Mañana;66.52870539708805;35990.46261941684
10250;Indumentaria;Tarde;32.360701179146545;30232.84476685289
10304;Indumentaria;Noche;32.10989574451034;10791.981288491705
10814;Ferreteria;Tarde;54.81981244362012;25481.09582374634
11494;Indumentaria;Mañana;42.790494041174725;14692.398515285604
10721;Hogar;Noche;35.67559238946146;29498.946332933425
10249;Hogar;Mañana;61.78894417162894;40848.64715143374
10161;Electronica;Tarde;57.72494250564495;16350.903097618708
10454;Electronica;Tarde;53.68767028937572;24808.181580016288
10900;Electronica;Mañana;60.87756450676767;17129.648658473423
10913;Indumentaria;Mañana;36.17942132311688;26943.49883540566
10223;Ferreteria;Noche;63.81535302859069;22996.810821039315
10025;Indumentaria;Tarde;49.81578499998246;30546.59752266081
10190;Hogar;Tarde;34.63023943474835;17772.58866904845
11114;Hogar;Noche;25.62733348356292;34320.98991856108
11346;Hogar;Tarde;43.077217956213495;24388.882909865333
10403;Electronica;Noche;58.13261970767263;23070.378001598838
10221;Hogar;Mañana;39.34628661879156;22755.386576441528
11147;Indumentaria;Mañana;60.49677773099761;18691.08241789896
10366;Indumentaria;Mañana;50.82363971678016;12245.372053748337
10883;Ferreteria;Mañana;28.34021705625471;30179.27102859842
11345;Hogar;Noche;45.07219961065177;22383.89051205209
11163;Indumentaria;Tarde;47.41577217894883;46989.1594758711
10969;Hogar;Mañana;40.151430532168646;20850.555342914256
11211;Ferreteria;Tarde;30.890326535386286;23459.87020925957
10173;Ferreteria;Tarde;60.84982925659188;37284.499023323326
11275;Ferreteria;Tarde;62.43301183561128;28291.16701726689
11264;Indumentaria;Noche;32.98528810023437;24146.59454444543
10439;Hogar;Tarde;43.27240608345087;33773.65144272102
10424;Ferreteria;Noche;23.7757108392534;9101.278585118043
10359;Hogar;Tarde;25.184902562022447;35489.246944900784
10101;Indumentaria;Mañana;53.04625098592564;14582.086327869418
10687;Electronica;Noche;38.56422109728224;10688.084697623965
10654;Indumentaria;Mañana;22.840079386407904;15035.835283989314
10632;Electronica;Mañana;68.09410272002272;18828.242838228056
10398;Ferreteria;Tarde;37.30033157514946;20484.98228785183
10171;Electronica;Noche;55.47374870666724;18420.23269720568
10301;Electronica;Tarde;33.08159208887169;23048.77422939629
10732;Electronica;Mañana;82.00805566218739;26421.68356024159
10821;Ferreteria;Mañana;47.72758555807591;24672.485371049297
10516;Ferreteria;Mañana;38.93674482039585;33496.1294143643
10564;Ferreteria;Noche;26.375756703059587;28992.71836042658
10289;Ferreteria;Mañana;59.35285318913361;32328.66579357324
10597;Hogar;Tarde;16.132677584267253;33930.20531004092
11196;Indumentaria;Mañana;56.36494309409964;17672.82084960224
10154;Electronica;Mañana;44.70036856920145;27262.309571869413
10150;Hogar;Mañana;36.93465453858206;21092.866153463743
10510;Electronica;Mañana;40.91358448133563;18155.462108613767
11337;Indumentaria;Mañana;44.44680657984315;28480.67518373019
10527;Indumentaria;Noche;62.371662720364505;16911.665883121514
10506;Ferreteria;Tarde;77.86237739809127;17066.716458930674
11328;Indumentaria;Noche;54.03699143551351;24344.38571949524
10044;Ferreteria;Noche;61.39602879919816;20078.166474336613
10803;Electronica;Noche;31.51780217947648;18670.815115597587
11497;Ferreteria;Mañana;31.85422899832045;23984.657567760318
11055;Electronica;Tarde;52.60621888139323;15552.772387433555
11174;Electronica;Noche;34.95920920843298;15113.2980691822
10920;Electronica;Mañana;67.24072191258622;35034.50826350911
10034;Indumentaria;Noche;44.724764686438405;27228.953536527348
11090;Ferreteria;Noche;42.98930125114207;32185.117766533087
10669;Hogar;Mañana;29.75626238312626;25313.236734505
10184;Electronica;Noche;70.30481794538088;19905.388402213284
11212;Indumentaria;Mañana;50.24718513823296;28187.550906853456
10651;Ferreteria;Mañana;37.9375653522926;33462.948221397906
10915;Indumentaria;Tarde;41.69814479565045;25082.752126686097
11356;Ferreteria;Tarde;60.818902743405886;17796.566196284082
11122;Hogar;Mañana;56.05936974820578;26228.38910656593
10541;Indumentaria;Mañana;44.23721218138388;31961.99195129048
11226;Hogar;Mañana;44.44779740732576;29487.141781454447
11148;Hogar;Tarde;66.71380386768642;30361.69324506648
10974;Ferreteria;Noche;73.23438350751283;26046.992959589006
11003;Electronica;Tarde;59.22182158650967;23723.073398014305
10118;Ferreteria;Noche;48.67527893190701;23553.725088836072
10872;Indumentaria;Tarde;32.940414017895336;30633.416979849084
11313;Electronica;Tarde;41.9386005447662;24846.435596793355
10543;Indumentaria;Tarde;23.20252280618584;25550.89611692056
11467;Indumentaria;Tarde;65.170141801532;32304.73624423824
10812;Electronica;Tarde;34.515743408045985;32706.372838875992
10480;Ferreteria;Mañana;40.48117147009798;10384.57162817733
10017;Ferreteria;Mañana;25.37927217662372;30228.015616446897
11228;Indumentaria;Mañana;31.54430354032117;18095.72074333608
10551;Ferreteria;Mañana;50.958669138621794;22847.97779293513
10748;Electronica;Noche;54.25545255481045;25085.1379458612
10966;Electronica;Mañana;56.91210090114269;23963.748738220525
10645;Electronica;Noche;33.66744998100368;40066.2061392885
10487;Ferreteria;Tarde;73.51403419491862;24756.91608392011
10065;Indumentaria;Tarde;55.304197389708335;32052.797967825667
10400;Ferreteria;Mañana;37.23131024919315;30059.53973094278
10360;Ferreteria;Mañana;41.42582308950625;31091.37413917594
10406;Indumentaria;Mañana;39.76522955064622;8904.335780001482
10525;Hogar;Tarde;62.95036226481957;16930.70148493236
11035;Indumentaria;Mañana;51.53512366358867;43812.81642699562
11315;Ferreteria;Tarde;61.6679903497992;19943.51393690353
10819;Electronica;Mañana;25.288990371989403;22079.21421807469
10023;Ferreteria;Tarde;52.99521118726709;31503.31395917977
11256;Indumentaria;Tarde;46.55908251223349;25954.373640176134
11219;Hogar;Tarde;40.87651863171576;15173.42083935288
10593;Ferreteria;Tarde;45.43313584723515;43050.17812110281
11172;Hogar;Noche;30.40575331025002;23622.69508577563
10766;Electronica;Mañana;59.33561934181624;19394.77876524356
10357;Ferreteria;Mañana;23.579537503488528;28240.32434749749
11052;Hogar;Mañana;42.99166610151426;2991.8931473149205
10193;Hogar;Noche;33.0075250025477;10963.663169069838
10367;Indumentaria;Noche;34.553703106160945;38548.53175622633
10129;Ferreteria;Mañana;46.24620771423076;32912.593685563814
11020;Hogar;Noche;46.696442067303565;10632.507589306511
11017;Hogar;Tarde;42.47859801052134;28344.78884349788
10205;Electronica;Mañana;15.952218982378264;17031.71897837869
10391;Hogar;Tarde;34.73222681674547;21021.888266910573
11481;Electronica;Tarde;75.52549052048866;12001.749124821905
11314;Indumentaria;Noche;51.68308269793508;25532.14619168544
11464;Hogar;Tarde;51.50821276350349;20973.08725399593
10402;Hogar;Mañana;43.862645677226055;26618.31245109031
10181;Hogar;Noche;45.73012257490239;35766.42613890296
10878;Electronica;Tarde;15.998383398210285;32277.212316470606
10021;Electronica;Noche;53.30749997672319;27515.59133881569
10342;Hogar;Tarde;41.63617261863645;13758.006473813528
10344;Hogar;Mañana;39.96030735640583;34417.65438441799
10553;Ferreteria;Noche;46.8499361158581;11120.578942919505
10854;Hogar;Tarde;65.50485649018265;16715.02122019737
11064;Indumentaria;Tarde;56.36858094166518;11203.961711401713
10477;Ferreteria;Mañana;49.57979669320599;8145.196869137522
11197;Hogar;Mañana;44.88726953593833;15892.119280498537
10806;Ferreteria;Mañana;61.71774426327689;16364.303081861388
10026;Indumentaria;Tarde;52.41893622481648;21573.238082353106
11173;Hogar;Mañana;48.14170398444626;18112.791132051974
10834;Electronica;Tarde;45.465344054997104;21639.09150739186
11474;Ferreteria;Noche;48.48892362341724;31463.65239327553
11071;Indumentaria;Tarde;62.571395216458086;33207.34388575422
10413;Electronica;Noche;50.83080184576663;9764.382077944672
10696;Hogar;Noche;56.071205623644765;17446.43484498722
10313;Hogar;Noche;53.38036449049913;27840.2527853667
11241;Ferreteria;Tarde;36.42938667825132;29569.98127670798
11277;Hogar;Noche;60.91220529383084;28033.72525466776
11376;Ferreteria;Mañana;69.12583967035789;27059.44060846411
11084;Indumentaria;Mañana;51.90494809769721;30449.485200992905
10513;Indumentaria;Tarde;9.124175134308096;27672.94919703997
10822;Indumentaria;Tarde;59.30507517248672;23244.15557428537
10174;Ferreteria;Tarde;51.83534503000877;29309.83180842007
11004;Electronica;Noche;34.0718246651999;46423.81820935903
11005;Electronica;Mañana;25.829122813232978;25517.555512770967
11450;Ferreteria;Mañana;28.813867498980358;18561.61001140092
11454;Electronica;Noche;6.847527255667899;21486.72583298496
11378;Indumentaria;Noche;39.67427033441773;31422.43246570577
11489;Electronica;Mañana;79.00770292647334;31793.618474097744
10077;Ferreteria;Mañana;13.057303888349375;9040.43771349372
10369;Hogar;Mañana;52.42819429686168;28825.618095214064
11244;Hogar;Tarde;68.1913525235206;16098.955510094893
10254;Electronica;Mañana;46.08566379421551;21319.86271178964
10743;Electronica;Tarde;57.19610447444248;22000.28737641765
10611;Indumentaria;Tarde;65.85641211609573;25455.635522039185
10528;Indumentaria;Noche;30.92733936858442;29766.30241279488
11393;Indumentaria;Noche;48.735175145467856;26338.899628093623
11010;Electronica;Noche;37.453791913430166;28266.435707342695
11063;Electronica;Noche;55.83882752430159;28540.993513866764
10142;Ferreteria;Mañana;38.127945191793984;12960.992057366986
11217;Indumentaria;Mañana;43.50929504810365;20541.160130756893
10035;Electronica;Noche;64.67675850311363;13581.331283876278
11282;Electronica;Tarde;50.84400592191851;34956.23928541315
10754;Indumentaria;Tarde;32.01200344306412;28221.777734982563
11448;Indumentaria;Tarde;48.271132629790856;26044.124904032764
10423;Hogar;Mañana;21.107958009712718;21842.985502412805
10219;Hogar;Mañana;70.34840184939435;12098.70593567818
10602;Ferreteria;Mañana;41.67259828115562;17302.486560154517
10604;Hogar;Tarde;53.045870584266886;23728.514117369752
10283;Hogar;Tarde;34.39041989507501;31858.64612448494
10039;Hogar;Mañana;41.14568264469751;30063.74120480647
10813;Ferreteria;Mañana;63.78319364639727;36603.84627916708
10787;Ferreteria;Mañana;21.094244769734505;33050.438637212195
10488;Electronica;Mañana;32.460688806289554;18513.190926874555
10074;Electronica;Mañana;32.56443812470188;16863.706644868416
10490;Ferreteria;Noche;56.97381107138168;17231.214547325482
10102;Indumentaria;Noche;38.637014669578335;27786.314640798068
10303;Indumentaria;Mañana;59.16434463273422;21896.806330527532
11355;Ferreteria;Mañana;28.920376255887312;33786.633605552386
10678;Indumentaria;Noche;31.9459867472854;22830.3584539142
10014;Ferreteria;Mañana;43.16479646038342;41188.8045403398
11015;Indumentaria;Noche;54.92134176125021;32031.05867260516
11188;Hogar;Noche;33.64034229483059;22806.57989308461
10464;Ferreteria;Noche;61.14557992861771;25308.734901858246
11029;Electronica;Noche;34.47994212595929;24667.132338151518
10482;Electronica;Mañana;64.97218211096693;23870.219714765997
10660;Ferreteria;Noche;42.94825087545856;23532.102056011943
11093;Hogar;Mañana;34.60902803266974;26053.3554770831
11479;Ferreteria;Mañana;57.43064152829876;24939.336896631667
10368;Hogar;Tarde;57.65121464094;34561.765372173715
11321;Hogar;Tarde;46.5569577164414;38125.83152804427
10963;Hogar;Mañana;52.397580048025816;45036.93344217255
10428;Electronica;Mañana;25.68078915723001;38265.658980894426
10662;Electronica;Mañana;48.28847501632461;25374.17144672677
10499;Ferreteria;Tarde;61.25409119745278;25518.078093636526
11294;Ferreteria;Noche;77.8208513893294;18827.639304388103
10885;Electronica;Mañana;36.97926588284032;25880.264720380044
11249;Ferreteria;Mañana;39.070417838403806;13611.43486255098
10830;Electronica;Noche;49.28877990713974;5582.373938573881
10265;Indumentaria;Tarde;34.67244738109237;33361.07638707415
11357;Hogar;Tarde;47.983539932254914;29736.815688345145
10376;Ferreteria;Tarde;22.92462835993968;34335.103005518846
10436;Ferreteria;Tarde;23.239321233847853;22408.64146762456
10261;Indumentaria;Noche;49.1202161098928;17290.279457145403
11033;Indumentaria;Mañana;76.6630895553642;44205.95975567455
10673;Indumentaria;Tarde;51.41183887492674;29542.05661668855
11317;Ferreteria;Tarde;52.05772142641203;29105.859414521463
11498;Hogar;Noche;24.27007016110214;22566.81971449757
10610;Electronica;Noche;43.40023062845407;29232.13039913687
11149;Electronica;Tarde;46.592624546197534;25574.107445720416
10253;Electronica;Tarde;48.35266659493748;35261.18913037277
10657;Hogar;Mañana;37.821338330678;29582.56804421012
10953;Ferreteria;Tarde;59.13357227246043;28344.20942729496
10827;Indumentaria;Noche;47.77413424311614;13823.448637516292
10594;Ferreteria;Noche;44.21970467312979;30705.75856316789
10483;Indumentaria;Mañana;56.42705667130175;35722.26056267193
11446;Ferreteria;Mañana;36.90018546411464;14522.905007131749
11092;Ferreteria;Mañana;58.75117378588831;35514.36008414201
10562;Hogar;Tarde;54.5236170617058;24880.50578143388
10694;Indumentaria;Noche;47.77219906146278;16754.48478863625
11237;Ferreteria;Mañana;50.339656859396186;35627.124363294504
11036;Ferreteria;Mañana;27.211334861507307;15869.676761951569
11455;Electronica;Tarde;74.80696456005158;24588.643564745264
10200;Hogar;Noche;44.19383236546312;32152.39677859835
10755;Indumentaria;Mañana;34.21134993055551;17710.60818919337
10940;Ferreteria;Tarde;52.13049051520818;36476.32166973602
10214;Hogar;Tarde;61.066868606769766;27034.06623792797
10208;Indumentaria;Noche;47.60874125750644;23244.60859261194
10255;Hogar;Noche;44.67291992877248;17379.535017451493
11031;Ferreteria;Tarde;46.78864993943835;20062.918599180884
10334;Indumentaria;Mañana;56.93554712549613;24031.36030872765
10418;Ferreteria;Noche;58.60286542688603;21509.12425025408
10910;Hogar;Noche;65.50254690908169;25073.81147315462
10790;Indumentaria;Tarde;67.05481158054728;29037.698925204488
10434;Ferreteria;Tarde;40.35176889534373;12378.383266937128
11306;Ferreteria;Mañana;56.08958761248445;34865.71763151004
11204;Electronica;Tarde;53.05973486316306;21937.79854257343
10702;Electronica;Noche;42.47240053597697;37815.58005209917
10896;Indumentaria;Noche;31.449847705545032;21351.15411887543
11262;Hogar;Mañana;61.894448389862205;26201.78683949498
10587;Hogar;Mañana;69.43514405023902;29194.608287983243
10547;Ferreteria;Mañana;47.342817344113165;26811.672248907573
10511;Indumentaria;Mañana;43.87633733017472;16776.50591141329
11333;Ferreteria;Mañana;54.57676402746847;14884.600643059492
11086;Electronica;Tarde;19.21873660706753;28283.43802555602
10800;Electronica;Mañana;51.57573870192605;28602.133077115894
11247;Indumentaria;Noche;24.04263002672884;17016.357703814625
10421;Indumentaria;Mañana;48.0907427681927;23529.224954224966
11426;Hogar;Noche;38.82915254958764;17901.23497996466
10504;Hogar;Mañana;36.57171504678857;25868.17020857885
10362;Electronica;Mañana;43.53415420393622;22116.72011544117
10982;Ferreteria;Tarde;47.80746030729243;26718.46018301613
10049;Indumentaria;Noche;44.72625052199221;38622.61604807423
11218;Electronica;Mañana;39.81910267994929;38635.63640315326
11430;Electronica;Tarde;23.77536192185928;26787.38913797432
10700;Indumentaria;Tarde;38.78312847344511;16032.334198349145
10258;Ferreteria;Mañana;57.63674887359217;16371.703419904026
10905;Indumentaria;Mañana;54.992490982074926;28357.281958496525
11389;Electronica;Noche;49.496618455823466;23042.523929326948
10399;Electronica;Tarde;45.41582532714855;24431.258994501884
11145;Indumentaria;Mañana;28.619313008235608;9982.207145557632
10268;Hogar;Tarde;50.5084844913332;32665.639338353867
11116;Hogar;Noche;20.030853974493503;31027.69161326663
10563;Hogar;Mañana;37.36924168353234;22321.21213116176
10749;Indumentaria;Mañana;50.510830359459455;23206.158347162014
11434;Ferreteria;Noche;43.85854847082061;19404.121766713542
10028;Ferreteria;Noche;51.97568191522773;26049.52072275107
10307;Indumentaria;Tarde;49.54684442387765;30959.187595149546
10149;Ferreteria;Noche;61.12971209039032;28545.58927932584
11121;Hogar;Mañana;31.47327619948769;17380.5181536768
10763;Indumentaria;Noche;25.79597385955591;18928.7612838368
10318;Hogar;Mañana;49.15063565857477;18317.714355273933
11416;Electronica;Tarde;40.12751439496021;17059.555089888963
10134;Hogar;Mañana;54.51361714588833;30421.11750786678
11415;Ferreteria;Noche;29.91280994456836;18484.22308443934
11115;Hogar;Mañana;51.40645975187501;25175.050564570545
11180;Indumentaria;Mañana;51.7303465250836;27105.62338397408
10230;Indumentaria;Noche;49.605967748553645;28612.88546181005
10928;Indumentaria;Noche;24.349054462445554;20022.97730194629
10938;Indumentaria;Mañana;40.12839790081237;37561.051324637694
10726;Hogar;Noche;54.722059048613;13735.173009496866
10094;Indumentaria;Mañana;49.41787113680783;38361.3006987914
11332;Hogar;Mañana;18.627104890860423;18593.939578190257
11142;Ferreteria;Tarde;23.84788492529515;36586.80685543422
10167;Hogar;Noche;56.737402420509326;18929.1829516989
10609;Ferreteria;Tarde;70.42994299304534;39643.150849025325
11208;Electronica;Noche;59.06086723919679;12031.044183550564
10846;Indumentaria;Tarde;41.3863313235957;10487.789215134797
10135;Electronica;Mañana;52.129283839798376;31324.010885293785
11006;Ferreteria;Tarde;41.31225031533005;20018.77441230903
10429;Ferreteria;Tarde;5.528521748701408;31290.34050715688
11210;Electronica;Mañana;55.89005148851503;34355.15258957006
10858;Indumentaria;Noche;35.88710486480286;31927.41294644081
10633;Electronica;Noche;34.55771461555318;36175.69264366271
10004;Hogar;Noche;41.50992137220002;28436.9995250694
11013;Hogar;Mañana;50.10089050291202;18011.451728875534
10719;Ferreteria;Mañana;25.10857411429716;28929.623508008008
11380;Indumentaria;Tarde;25.18764339181564;32044.06131102832
10397;Indumentaria;Mañana;43.73610829748243;21996.9843552553
11371;Hogar;Mañana;60.88115744872214;37752.65705561476
10990;Indumentaria;Mañana;51.39179289606992;26386.43759428635
10856;Hogar;Noche;45.90482871799458;24328.145049550614
10007;Electronica;Noche;65.51485997205221;37151.09265162131
10300;Electronica;Mañana;65.34117220210062;17083.08832797747
10948;Indumentaria;Mañana;44.27089657690777;26982.490236116213
10282;Indumentaria;Mañana;64.05946590987335;13465.2445920023
10453;Indumentaria;Mañana;28.14725692633756;28722.769388213168
10809;Electronica;Tarde;56.59520043380717;20341.5394437379
11042;Hogar;Noche;75.68725932132429;18247.067062670994
10962;Indumentaria;Tarde;16.793354173127433;31040.95395178047
11354;Indumentaria;Tarde;48.50620764634365;20201.006651193475
10517;Indumentaria;Noche;46.941168874133965;26340.140900240334
10612;Ferreteria;Noche;29.65158350785053;24796.7803940406
11477;Ferreteria;Noche;41.18434836291675;20608.645121557587
10124;Electronica;Noche;68.1678900551714;26395.67435869362
10347;Ferreteria;Noche;42.11514130391453;35473.15509534077
11472;Electronica;Noche;31.82594889489951;37757.12512973051
10189;Indumentaria;Noche;52.93123268699491;40641.84024726223
11482;Indumentaria;Noche;63.69401014684476;26531.94281338539
10997;Ferreteria;Mañana;41.40151624379759;23235.895322738637
11291;Electronica;Tarde;44.0890288442176;20986.168760568973
11280;Indumentaria;Noche;65.54081508894441;18163.3905570534
11187;Electronica;Tarde;70.79769316653878;22424.69487095928
11102;Ferreteria;Tarde;38.69407316457559;18325.495407675426
10588;Ferreteria;Mañana;47.42036886963762;25457.090841290108
10115;Ferreteria;Noche;56.542972035764976;38286.41921550327
10747;Hogar;Mañana;51.65420884023268;38314.499101796326
11439;Hogar;Mañana;43.48441834677116;23648.853412896635
10759;Hogar;Noche;24.6966021579841;25882.568846777525
10740;Hogar;Noche;49.37595565880112;36113.304382964765
11360;Indumentaria;Mañana;67.75420184562967;22623.12842241167
10770;Electronica;Noche;60.41516512201547;26224.18074980708
10343;Indumentaria;Tarde;36.08734876905064;24713.682512493622
11079;Electronica;Noche;60.54302748197583;20662.09825577736
10765;Hogar;Mañana;55.968697600056096;17697.085457890964
11452;Ferreteria;Tarde;67.7521930069481;39181.49814779237
10070;Indumentaria;Mañana;45.614801846639125;13892.878873826445
10036;Ferreteria;Mañana;30.769172656183123;26616.167495920057
11342;Hogar;Mañana;33.441481284207285;33760.47093185109
11432;Indumentaria;Mañana;57.766038210309205;20544.569538520307
10127;Electronica;Noche;11.801589779597537;23215.463716154067
11251;Indumentaria;Tarde;54.7674219097847;27715.48443848719
10003;Hogar;Noche;27.565392654185736;26452.87253002808
10495;Hogar;Noche;42.88748455791215;22136.751482967727
11139;Electronica;Noche;36.52239552591032;20716.62498133321
11268;Electronica;Mañana;28.511576244627847;21402.599414830205
11081;Electronica;Tarde;28.0728955537868;30465.527282922503
11283;Electronica;Mañana;26.57102226444287;25080.66373504968
11216;Indumentaria;Tarde;60.9617127500207;25051.71349758078
11279;Ferreteria;Tarde;35.16631504005632;21417.619588618643
10153;Hogar;Mañana;30.099326916242152;19950.48184445296
11361;Indumentaria;Mañana;65.26703869891844;22306.827165077717
11265;Hogar;Noche;67.5963258300237;34194.07480024508
10580;Indumentaria;Mañana;48.86943242372487;25386.24224319525
10083;Ferreteria;Tarde;75.64476788026884;22226.773108559115
11383;Ferreteria;Tarde;25.979786889249358;22375.07733465166
11136;Hogar;Tarde;46.66023608483739;22759.16380656023
10459;Hogar;Mañana;60.4383268685084;26429.20582871228
10871;Ferreteria;Tarde;69.1525729406791;26328.87315150308
10689;Indumentaria;Tarde;29.2055238239954;17169.526313607512
10325;Indumentaria;Mañana;47.42344520159983;16722.739036504536
10985;Indumentaria;Tarde;67.40374153963305;21518.69069897441
10566;Indumentaria;Tarde;49.865999576818666;31329.672312103048
11296;Hogar;Tarde;32.804818174194416;26567.37718683422
11205;Indumentaria;Noche;65.01525488923949;16677.997864073557
10257;Indumentaria;Tarde;66.8603783740653;24499.55931209301
11118;Electronica;Tarde;37.90244894045942;23034.67779232477
11144;Ferreteria;Tarde;33.92196861748221;13463.523665134322
10297;Hogar;Tarde;25.75233858105288;31926.02186407672
11367;Indumentaria;Noche;44.07070880852855;29193.633367212373
10840;Hogar;Noche;32.45058106064053;33909.55390146943
10447;Indumentaria;Tarde;46.03941090823334;46474.76593938649
11325;Electronica;Mañana;39.25982343672198;21916.94079149857
10789;Hogar;Mañana;65.23244130658725;24662.48239631572
10977;Ferreteria;Noche;73.91354077767292;30661.01063858003
10685;Indumentaria;Tarde;58.52416371852611;14589.415368754837
10302;Hogar;Tarde;36.73962642704531;28090.463054246942
10936;Indumentaria;Mañana;18.774275157887026;21543.987165992487
10901;Ferreteria;Mañana;37.79433763529517;32926.38470681766
10020;Indumentaria;Noche;39.156050897118114;21536.79344971882
10126;Indumentaria;Noche;55.29849009227344;27579.73520801397
10534;Hogar;Mañana;42.77208671457551;5061.15037677679
11440;Electronica;Tarde;49.69574564869719;27085.02286080021
10385;Ferreteria;Mañana;25.90260346136201;26337.11370568504
10810;Hogar;Noche;19.66412326006656;21926.09585229064
11409;Indumentaria;Noche;47.35743524803227;23628.34540021493
10407;Ferreteria;Mañana;39.67374152663931;24908.87673217015
10474;Hogar;Noche;71.73117477092222;15478.407775235904
11417;Hogar;Tarde;54.84536175943936;32472.27007977869
11338;Indumentaria;Noche;41.45645802753124;40634.37790420249
11050;Indumentaria;Tarde;20.28302837423947;34142.47711022048
10681;Electronica;Mañana;35.765569882536525;25903.58425953627
10635;Indumentaria;Tarde;28.088654157802377;25308.055859966076
10533;Electronica;Noche;42.64053862198645;28477.058923765075
11022;Indumentaria;Mañana;45.65812445641073;31924.46759005793
10178;Electronica;Tarde;57.75140983975213;25607.36427407589
11245;Ferreteria;Mañana;57.16714888664867;24738.477463990374
10136;Electronica;Noche;48.472691089433575;12461.366771803776
11408;Hogar;Mañana;53.73250566720087;28155.26826179344
10682;Hogar;Tarde;55.40817667470981;17884.410006083614
11025;Indumentaria;Tarde;25.687214609110523;35503.22123135827
10852;Electronica;Tarde;36.76279534431424;17609.70851045632
10233;Ferreteria;Mañana;42.53730882569242;35292.51857736488
10320;Ferreteria;Tarde;28.35531743218864;24560.15085359281
10706;Ferreteria;Noche;50.96552655760944;30981.616921053173
10041;Hogar;Noche;43.04227380154509;18452.76855577053
10897;Ferreteria;Tarde;43.66161820625003;32721.06872457904
10061;Hogar;Noche;43.2389871126756;40582.53429803452
10952;Electronica;Mañana;38.7333030385233;34115.04811868495
10086;Indumentaria;Mañana;39.75032809268375;31716.748365337644
11044;Indumentaria;Noche;31.42628021915984;6080.78059687508
10690;Indumentaria;Tarde;48.11474003106137;33156.73450424636
10526;Hogar;Mañana;49.078097441550256;13864.430074374748
10172;Hogar;Noche;31.39310480617124;34501.75341733121
10404;Ferreteria;Noche;39.1713884514131;24409.23258268361
10015;Electronica;Tarde;38.472651032178725;22743.199839701712
10275;Ferreteria;Tarde;38.05252700292802;25483.542319406508
10199;Hogar;Mañana;30.010308635247934;19948.12213851759
11108;Indumentaria;Tarde;27.69564014575986;28321.23187478968
10160;Hogar;Tarde;61.01398951218736;26835.22598265148
10619;Hogar;Noche;51.90105909521157;19676.36853575283
10053;Ferreteria;Tarde;11.952593087612073;13061.84970672109
10038;Electronica;Mañana;50.49685749446958;23410.877922751777
11423;Hogar;Mañana;44.42683458793019;33168.812583248866
10805;Ferreteria;Noche;45.93473468145805;16908.623429031228
10757;Hogar;Mañana;47.03630819876498;25453.940537296432
10558;Ferreteria;Tarde;32.09908717315388;29498.752313873338
11232;Electronica;Tarde;53.57817099267534;23939.474581240826
11269;Indumentaria;Tarde;39.72263741494167;38855.195738904025
10196;Indumentaria;Noche;37.69864487236072;39809.32753557367
10120;Ferreteria;Noche;25.596963846095047;23069.24980474796
10462;Indumentaria;Tarde;39.345072612494455;17273.719838888443
11322;Electronica;Noche;73.45107272994862;21813.308446958104
10112;Ferreteria;Noche;48.09371318606794;25534.519065419245
10096;Indumentaria;Noche;36.89769917438623;26162.76642200508
10976;Ferreteria;Noche;79.34708696190688;28606.210029206148
10311;Hogar;Mañana;33.41445323528549;27724.06474193619
10285;Hogar;Mañana;28.141477997023603;15223.833027438766
10469;Ferreteria;Noche;77.98647270835055;30575.88417874445
11358;Ferreteria;Tarde;22.695960412093235;18461.729999735384
11170;Ferreteria;Noche;49.70306950925273;19020.974170029665
10119;Electronica;Tarde;42.03855692036941;22547.4444229292
10247;Electronica;Noche;42.874564859285655;27716.81482737352
11207;Indumentaria;Noche;57.95819732503256;17094.693218636727
10937;Electronica;Noche;46.99640602705176;43670.05226964451
10608;Ferreteria;Noche;67.76280163595808;32621.44330273337
10582;Ferreteria;Mañana;19.67156524815473;26601.916587691838
10932;Electronica;Mañana;39.6975683069747;25269.80313409702
10644;Ferreteria;Tarde;51.71099019700189;11159.730084517669
10927;Ferreteria;Tarde;39.35735095827467;21467.15821263183
10030;Electronica;Mañana;49.87765194793596;32048.572588980907
10631;Ferreteria;Noche;49.69678244620896;31605.81090357743
10795;Hogar;Noche;48.77681560340909;10248.68169387776
11466;Indumentaria;Tarde;45.6439836782162;13045.2295399888
10422;Indumentaria;Noche;42.222521565376894;9298.339359932508
10306;Ferreteria;Noche;44.86370137910616;20012.285277151783
10054;Hogar;Tarde;33.030607833878335;26287.831577432
11302;Hogar;Noche;60.59092579563208;10563.894565703677
11097;Indumentaria;Mañana;33.70732845921414;35967.19350647816
11499;Hogar;Noche;48.74852563676591;17130.19116271184
11109;Hogar;Tarde;46.70436686241491;19703.361693328246
10979;Indumentaria;Noche;35.175810587959646;23101.750551277397
11288;Ferreteria;Noche;42.51343203597818;23430.494833180277
10816;Electronica;Mañana;49.22602595744061;26510.77085704731
10501;Electronica;Tarde;32.92514008604568;30842.89752267157
10839;Electronica;Mañana;64.75438255030056;21255.48798007404
11053;Hogar;Noche;29.895307898300384;28389.385589996506
10450;Indumentaria;Noche;56.37159297776208;32371.31344539583
10540;Hogar;Tarde;45.69171159301566;9548.985113655694
10266;Ferreteria;Noche;46.291092974905126;31586.47561683347
10226;Electronica;Noche;51.69000142000779;33019.33166937606
10674;Ferreteria;Mañana;28.154091597831723;18515.48232299708
11427;Hogar;Tarde;37.739255454194726;35879.10037270727
11201;Indumentaria;Noche;45.48602162054511;38428.6076253927
11281;Hogar;Tarde;18.59132108637596;11882.327049037687
11080;Hogar;Noche;53.80706526319271;31585.552821543093
11442;Ferreteria;Tarde;68.18568446488825;26287.075063934157
10451;Indumentaria;Noche;43.69176602376525;18968.691765066844
10232;Ferreteria;Noche;32.653229079778804;23091.145845949635
10470;Electronica;Mañana;41.921805382512055;27562.21928776877
10386;Hogar;Tarde;63.579480720616814;27108.552588283877
10175;Indumentaria;Tarde;28.77445740629398;23309.797958797488
10575;Indumentaria;Noche;40.69339961204626;22331.0035856476
10240;Indumentaria;Mañana;24.93189763184651;10844.331237467244
10387;Hogar;Mañana;46.72065927245953;22383.57952996723
10656;Hogar;Noche;67.21857822883206;16147.044714549796
10099;Electronica;Noche;49.10050118957887;27040.426791116613
10804;Indumentaria;Tarde;34.41861527881236;27512.25299482936
10284;Indumentaria;Noche;30.84925425945097;17543.09802834985
10466;Ferreteria;Tarde;34.94624967410644;19405.454337378706
10659;Indumentaria;Mañana;32.25919627266143;19286.03111157126
10512;Hogar;Noche;53.6525725181189;40910.144191316365
10951;Ferreteria;Mañana;39.32557088608182;26735.251549858905
10778;Ferreteria;Tarde;49.68104396692451;16247.07765865594
10478;Electronica;Tarde;45.8336333999724;19766.39772099458
11164;Electronica;Tarde;50.61417270721718;26167.140287334863
10500;Hogar;Tarde;46.21594306040485;21784.09953859492
11272;Hogar;Mañana;67.03535096311151;37952.07429829841
10128;Ferreteria;Tarde;62.95342427703624;30573.84727385475
10903;Hogar;Noche;63.71716796874371;14673.68907079526
10183;Hogar;Mañana;32.17004228416113;16267.110442974335
10585;Hogar;Mañana;44.26449939849783;18614.475004629887
11271;Indumentaria;Mañana;23.006882536557526;27579.327861689017
10259;Hogar;Tarde;39.55926465630105;17840.50117166908
10964;Hogar;Noche;64.37105322324012;31412.11455101607
10027;Indumentaria;Mañana;43.25014185251594;8624.522506217601
10505;Electronica;Mañana;25.07092170606655;21657.29340702917
10067;Electronica;Mañana;28.99475120373186;18436.25525669529
10231;Ferreteria;Mañana;43.02895640966643;22075.701729934623
10299;Ferreteria;Noche;46.344933766623896;35195.10469865375
10066;Ferreteria;Mañana;43.90396547389391;21571.99996142332
10170;Ferreteria;Tarde;54.26505552398624;16251.542832894113
11171;Hogar;Noche;31.77849587312889;20749.08906509049
10051;Indumentaria;Mañana;62.91797811759666;29368.58810509689
11235;Ferreteria;Mañana;62.70068053216755;20808.801373248585
10811;Hogar;Tarde;34.21020014805671;29174.46992014985
11243;Hogar;Noche;40.750987367408;12483.33579109166
10556;Ferreteria;Mañana;60.93351495524404;22574.15260765706
10310;Ferreteria;Mañana;50.848302292085926;31899.467276442854
10089;Indumentaria;Mañana;55.33017035528139;32632.11052677845
11011;Electronica;Mañana;26.248972661904087;22515.535274571343
10182;Indumentaria;Mañana;52.67606503618508;30898.020263545583
10215;Electronica;Noche;34.0776483589832;22023.29406837636
11459;Hogar;Noche;64.35773128305838;26226.629297097443
10058;Hogar;Noche;34.74609299752615;20518.50779825433
10234;Ferreteria;Noche;52.04997391144755;22517.06897446344
10640;Indumentaria;Tarde;50.85919766594043;34109.87819418885
10891;Hogar;Noche;46.29532973250557;14694.355144139843
10606;Hogar;Tarde;12.005839222491687;21234.70910617758
10739;Ferreteria;Mañana;35.47639620386377;28884.39436241709
10133;Electronica;Mañana;61.83262543202528;22417.99179105252
10473;Ferreteria;Noche;32.81392501515354;26491.903631735604
10944;Electronica;Tarde;66.85064925092692;30754.81159432668
11220;Electronica;Noche;48.994255956729454;17725.919174137198
11418;Electronica;Tarde;66.51700304019081;31395.146868963504
11234;Indumentaria;Mañana;47.31912644281167;13467.841384289375
10876;Indumentaria;Mañana;70.25319748167675;30178.139891523904
10493;Indumentaria;Tarde;54.27726769179783;20331.49222147259
11447;Ferreteria;Noche;28.62036788000768;9280.336330664491
11190;Hogar;Noche;52.95286961014367;31192.99920542569
10833;Ferreteria;Tarde;44.26552216466664;32025.563710025344
10522;Indumentaria;Noche;32.0173022283599;27211.969146991065
10934;Ferreteria;Mañana;67.46053456401188;25255.732474161025
10461;Electronica;Tarde;51.294982838971045;12129.850694363811
11403;Indumentaria;Tarde;37.448466612582;23006.593296448336
10882;Hogar;Mañana;41.73071920097031;21675.923868882477
10241;Hogar;Noche;53.27338905318636;20002.906858607093
10738;Electronica;Mañana;49.475661789017686;24400.352279924795
10598;Ferreteria;Tarde;85.10266455594717;33845.05353219257
11453;Hogar;Mañana;50.36757523006536;28100.094466179013
10615;Hogar;Mañana;32.25120681467031;29058.728175143
10006;Electronica;Tarde;50.80447948281813;31916.23926832636
11373;Indumentaria;Tarde;54.7858307436535;20126.92184628952
10194;Hogar;Noche;47.34567184377416;21493.927060971502
10893;Electronica;Mañana;65.77723387818486;8976.407834622698
10817;Hogar;Tarde;68.52508914045187;11606.514409488773
11024;Ferreteria;Noche;50.11690970159563;28655.73891626776
11087;Ferreteria;Tarde;64.12483678950065;26565.392505847827
10637;Hogar;Noche;56.769004776550624;31274.398157780925
10664;Electronica;Tarde;51.37953606341792;34473.67316769353
11239;Hogar;Noche;45.119953494258986;30304.793973921383
11131;Indumentaria;Mañana;56.69633244433231;20835.96073623529
10617;Ferreteria;Noche;32.06471440404833;26691.662030937885
10750;Ferreteria;Mañana;43.363372235211465;28874.06053275441
10378;Indumentaria;Tarde;19.496926881779007;35047.78336344924
11103;Electronica;Mañana;65.43925539920052;29667.543827984533
10925;Hogar;Tarde;56.01327328062294;27712.435609063832
10779;Hogar;Mañana;47.24897505095087;31047.209732770814
10648;Ferreteria;Tarde;40.81337287650459;14133.359326321895
11487;Electronica;Mañana;69.42518939087043;31956.408853182325
10165;Electronica;Mañana;40.45360583407962;19722.98959152071
10321;Electronica;Tarde;32.40262128821749;21273.423368643125
11312;Electronica;Tarde;59.03088080697192;30430.75096420959
10426;Electronica;Noche;36.56079775757016;34176.8954168659
10427;Ferreteria;Noche;79.17373054771872;24720.161999087017
10895;Ferreteria;Noche;39.51955513840903;38532.817323019306
10884;Ferreteria;Noche;66.3038539866294;34111.27003259532
11209;Electronica;Noche;41.64974188674397;22394.193786103293
10569;Hogar;Noche;35.1887998527852;30933.117971718195
10374;Electronica;Mañana;77.99289946742002;24527.58334192128
11344;Hogar;Mañana;41.93067373102697;28348.613461280664
11438;Ferreteria;Mañana;46.74657360995091;16214.08898522931
10080;Hogar;Mañana;49.72560733772423;18631.87147827298
10960;Electronica;Tarde;34.35931938663209;30772.232235657524
11113;Hogar;Noche;45.00631888855678;35646.457936275285
10677;Ferreteria;Tarde;59.03822334407574;27559.089122196077
10335;Ferreteria;Noche;54.27995906220974;25294.4971661232
10643;Electronica;Mañana;20.73249141662517;20598.93799903767
10546;Electronica;Mañana;45.214848873159;27914.00169778391
11386;Electronica;Noche;48.6486685478344;20400.400356904986
11058;Indumentaria;Tarde;37.44868420009754;30203.67968590157
10114;Hogar;Tarde;53.94965750300568;19068.853786957945
11449;Ferreteria;Tarde;45.31421048287715;11331.851974154231
10116;Electronica;Tarde;39.67032170823099;30317.712690471115
10405;Ferreteria;Tarde;31.727754499655298;31372.604060232014
10485;Indumentaria;Mañana;46.7530407351167;19223.45605603498
10330;Electronica;Mañana;51.71038953285916;41914.65371784076
10492;Electronica;Mañana;36.44781181075447;37653.59174497194
10016;Ferreteria;Mañana;57.24176154086;15255.136227605426
10775;Electronica;Mañana;62.2985786781786;23604.82945324162
11057;Hogar;Noche;64.4996107008863;22498.27359986099
10291;Hogar;Mañana;17.544133021362782;23751.681866454524
10111;Hogar;Noche;60.263113749101294;26507.741832530213
10670;Electronica;Tarde;29.892244592909407;10120.521105387152
10472;Hogar;Tarde;62.01720780126478;30014.66925622504
10646;Electronica;Noche;28.47507126930897;23044.44536060509
10457;Ferreteria;Tarde;57.53241416881141;23563.148017710595
10340;Hogar;Noche;52.04338754029391;23431.945332226474
11186;Ferreteria;Mañana;32.29631507524531;33533.75064043461
10180;Electronica;Noche;50.34250315837264;33254.94386027864
10236;Indumentaria;Tarde;60.18101797055788;18329.599986915244
10159;Ferreteria;Noche;50.78826574626488;27135.89588422121
10031;Electronica;Tarde;42.49913950369741;37448.00457471363
10414;Hogar;Tarde;55.90979770531072;35657.51288608628
10011;Hogar;Tarde;60.49432099842919;26349.650088761624
10218;Ferreteria;Noche;50.269332141368125;27444.914890009728
10850;Hogar;Mañana;62.06559304072167;29758.22876659669
11215;Electronica;Noche;57.31138955971959;17805.006982762767
11225;Indumentaria;Tarde;7.054256840918086;16405.556910188105
10820;Hogar;Mañana;61.30792776592956;20913.497393843107
10213;Hogar;Noche;56.75578172721849;23919.12586247329
10930;Hogar;Tarde;48.80791813521877;32212.41005259812
10724;Electronica;Tarde;57.56261808724859;21819.8988887211
10823;Hogar;Mañana;44.328527889202384;17109.38588859954
10475;Ferreteria;Noche;29.022229738748315;33698.85460572771
11146;Hogar;Noche;37.87953345544412;36801.290779253504
11023;Indumentaria;Mañana;50.67999351377117;30260.78785363593
11066;Electronica;Tarde;32.5290079909882;25210.62267154119
10712;Electronica;Mañana;59.7462405780885;32987.38258497739
11242;Hogar;Noche;47.26518435836729;30153.518884300407
11382;Hogar;Tarde;42.31275363504857;30768.74237188877
10079;Ferreteria;Noche;39.46530832335117;30801.59578138548
10373;Ferreteria;Tarde;59.13468315401802;33853.10227374474
10703;Ferreteria;Noche;47.9923191341612;38443.96504331718
11132;Indumentaria;Mañana;20.656086287548536;22259.38342334758
10229;Electronica;Mañana;29.039486471983537;19087.865039830816
11270;Indumentaria;Mañana;54.589043067853765;23794.874237747805
10246;Electronica;Noche;41.98722782564071;21366.65131072329
10919;Ferreteria;Tarde;65.06746531449176;29911.667266166507
11140;Indumentaria;Tarde;53.53618889303465;26316.862762465244
11274;Hogar;Mañana;47.05914203517434;31328.238879663226
10169;Indumentaria;Mañana;42.43126236844372;26191.77559461768
10860;Ferreteria;Tarde;36.64079549455949;31165.109431601108
10292;Electronica;Tarde;50.7011806266266;13339.13856803594
11362;Electronica;Tarde;7.2428528685563265;25434.81182837613
10561;Hogar;Tarde;46.280304283317136;15586.371883740265
11437;Electronica;Mañana;60.12002920867568;23416.273954955766
11105;Ferreteria;Tarde;58.415518308185625;8521.560100733419
11457;Ferreteria;Noche;74.34627379782677;21393.9831266788
10751;Electronica;Tarde;37.67103627011004;29269.968829932583
10443;Ferreteria;Tarde;36.37065435145845;24690.289412957278
11206;Electronica;Mañana;51.28297121113471;30319.64366188573
10945;Hogar;Tarde;49.67721275215891;29338.39015444593
10419;Indumentaria;Tarde;41.76752696520196;5737.053384584913
10365;Hogar;Mañana;40.45553317647107;27738.80943223685
11350;Ferreteria;Tarde;47.90354098880367;27121.589087586413
10843;Hogar;Noche;40.23329093495896;24467.742772464884
11110;Electronica;Tarde;39.05346255852878;20271.06610092233
10412;Indumentaria;Mañana;32.82765483399714;29671.63995902507
10315;Ferreteria;Mañana;43.875525737414286;25882.072939911275
10994;Ferreteria;Noche;39.11527846899145;22309.421051362704
11168;Hogar;Mañana;53.589121618711495;17657.180544832503
10642;Ferreteria;Noche;42.95328804968743;26325.86688691934
10863;Indumentaria;Tarde;23.04891062359967;18481.683120236416
10489;Electronica;Noche;43.456844338625096;42746.74786409109
10671;Indumentaria;Noche;47.51588733076831;20157.23677298175
10785;Electronica;Tarde;45.38140053917452;36893.30931402539
10448;Hogar;Noche;40.5969173676365;17146.839438598225
10929;Electronica;Noche;38.03668353850161;20570.498063762687
10727;Hogar;Noche;56.33782439639909;33654.6092083221
10068;Ferreteria;Noche;44.44835541456828;25153.23932046287
11126;Ferreteria;Noche;57.84088835245559;20217.91733778857
10879;Electronica;Noche;70.33190869964858;19318.504404466305
10055;Ferreteria;Tarde;42.8290402307142;45268.129322772205
10796;Electronica;Tarde;38.09390076541137;23162.74185017256
10772;Electronica;Tarde;52.79797278018404;18977.957207001786
10327;Hogar;Mañana;69.61569944593437;37866.44377644309
10047;Hogar;Noche;47.78651238130157;15141.430823700475
10935;Electronica;Tarde;37.43171344373673;35338.66571334533
11069;Electronica;Tarde;76.58515599510946;24909.23848179776
10157;Indumentaria;Noche;68.43689260293172;23086.6689594477
10382;Ferreteria;Noche;35.1654543052972;24543.27643349225
10356;Indumentaria;Tarde;21.586636458689014;23711.507975889584
11319;Hogar;Tarde;40.16152823847034;22461.6914746894
10570;Indumentaria;Mañana;31.46870601222387;28448.967712779275
10460;Indumentaria;Tarde;55.31794990780527;37584.48292851332
11246;Indumentaria;Tarde;23.20806156167481;18540.46219940602
10024;Ferreteria;Tarde;60.17854967740118;18780.87939312876
10037;Electronica;Noche;12.57231807371054;26719.521359511466
11295;Indumentaria;Mañana;52.97985911417705;14779.713422936362
10926;Electronica;Noche;35.750924189317544;35513.21449078228
10396;Ferreteria;Noche;70.82776744416498;18582.38172611039
10848;Hogar;Noche;53.43474930934888;29411.156396731178
10497;Ferreteria;Tarde;35.28467961474854;18870.460229892436
10713;Ferreteria;Noche;40.36918270082239;22526.769509147896
10890;Hogar;Tarde;38.548511943570816;22650.0953075354
11198;Hogar;Tarde;50.31926352026916;24334.65031358372
10225;Indumentaria;Tarde;44.929508933397415;26809.83056467269
10287;Electronica;Tarde;53.03366170332644;27956.962834714643
10845;Electronica;Mañana;60.71869453695868;17437.978735380184
10881;Indumentaria;Tarde;37.89643149343038;32328.41058494649
10430;Electronica;Noche;59.44003379378297;35785.182788855775
10639;Ferreteria;Noche;55.08090778640651;21384.248083084083
10686;Indumentaria;Tarde;13.89868666595426;24650.66384207782
11327;Electronica;Tarde;58.42513002090181;23543.40423926459
11248;Indumentaria;Tarde;43.04310196440952;17940.32761414201
11318;Indumentaria;Noche;24.632663069436685;8932.130270851996
10197;Ferreteria;Mañana;47.12752750714355;26288.143084035644
11191;Hogar;Noche;15.623376867980433;30047.672616183307
10384;Electronica;Mañana;27.02843905103673;34730.49631479522
10069;Indumentaria;Noche;29.771798952821776;26837.60597734284
10458;Hogar;Mañana;27.027239510964964;10949.111746892044
10138;Hogar;Tarde;40.68613470824717;35945.038461670934
11391;Indumentaria;Mañana;48.28488785000989;26944.09485607761
10140;Ferreteria;Tarde;63.16109308408628;20403.624190928964
10532;Electronica;Mañana;43.28568066597172;35151.27714012661
11397;Hogar;Tarde;56.07736248909511;27821.516318580896
10729;Ferreteria;Mañana;38.49050786890784;16531.11527576641
11101;Indumentaria;Noche;61.11401419364799;32113.37378827517
11381;Ferreteria;Noche;78.5442547619398;28968.70797034052
10675;Electronica;Mañana;40.13662771502565;11111.233931212008
10336;Electronica;Noche;37.8449643013056;11639.956205000866
10573;Indumentaria;Mañana;35.48485341246482;13411.281579870069
11257;Hogar;Mañana;36.31421178079119;24464.320773622883
11250;Hogar;Noche;42.25209122667112;18668.924111343586
10394;Hogar;Mañana;32.877872183890965;31736.307178597646
11123;Hogar;Noche;42.620749844230176;26140.030580609324
11030;Hogar;Noche;70.58464413788167;23730.066185845026
11458;Indumentaria;Noche;61.36085379224751;21401.747168584447
10847;Indumentaria;Mañana;21.815247904500623;25861.633182333848
11194;Indumentaria;Tarde;46.99726817136429;29904.473406130608
10515;Hogar;Mañana;45.66389079105494;27302.927186582503
10064;Hogar;Tarde;40.37175597489319;19686.206549174203
10281;Ferreteria;Mañana;41.05824916526297;18134.82203282669
10166;Ferreteria;Tarde;31.835363703606376;23863.939095763784
10090;Ferreteria;Tarde;50.58743564685;18555.156812589925
10733;Ferreteria;Noche;30.114625702642293;30098.70838214183
10666;Indumentaria;Tarde;21.52629946171096;14606.435853501314
10866;Electronica;Noche;43.73155501284288;24250.55950449308
10625;Indumentaria;Mañana;47.11408328387155;16070.419109122482
10950;Hogar;Tarde;39.67788974723669;29315.786989546978
10710;Hogar;Tarde;44.9473801198719;34854.145835915944
11021;Electronica;Mañana;30.910098932010904;19710.59492137388
10717;Ferreteria;Noche;54.46223773716928;15319.434239190376
10535;Indumentaria;Tarde;56.04584205276896;17142.079366214508
10001;Ferreteria;Tarde;85.49571210629264;18731.82252691694
10216;Ferreteria;Tarde;42.73746569090167;2252.1176635857955
11045;Hogar;Tarde;66.82590873722654;30692.127922149917
10781;Hogar;Tarde;81.11066375896829;19365.39847833175
10875;Hogar;Mañana;55.626315643418735;21002.597400416154
11470;Electronica;Mañana;41.04381918227092;20746.769402660044
11059;Ferreteria;Noche;42.87585284766285;28471.918600053632
10542;Hogar;Mañana;23.94365032421125;22624.825189435964
11182;Ferreteria;Noche;44.41493699072019;26915.915744902235
11384;Electronica;Noche;73.58912022686347;22298.79416325481
11169;Hogar;Noche;50.23035677635869;19835.904591284838
10123;Hogar;Mañana;53.75829441562969;19875.7643479401
10614;Indumentaria;Mañana;28.46579517205276;14908.648065988797
10207;Ferreteria;Mañana;55.711291694287965;22893.961357890967
10554;Electronica;Tarde;54.84721817752637;24543.22711331157
10273;Ferreteria;Noche;31.17193542595107;28059.41249388088
10503;Ferreteria;Mañana;60.76791016479061;17579.902451796766
10045;Ferreteria;Noche;53.63054440788563;11869.974381121096
10624;Electronica;Mañana;66.70400307299336;34552.76199956921
10771;Electronica;Mañana;46.96653136028877;21774.48586756968
11200;Electronica;Tarde;29.7399951486784;17277.11564495829
10978;Ferreteria;Tarde;18.32473549101929;19385.326696092467
10220;Hogar;Tarde;62.39686867933958;28995.28855355682
10791;Ferreteria;Tarde;49.88147637804447;21152.340236671087
10971;Hogar;Noche;50.44679012507036;29108.392200154198
10341;Ferreteria;Noche;29.90158513368147;11698.98942198916
11351;Ferreteria;Mañana;35.95971228258317;19829.47763384525
11213;Indumentaria;Tarde;53.6553874000268;28497.848780376327
11433;Ferreteria;Noche;67.50857053444003;19719.74434619338
10967;Indumentaria;Tarde;41.69618097755868;13917.943283941582
10621;Indumentaria;Mañana;52.3491087420011;17074.439032447204
10996;Electronica;Noche;44.18080988912861;21603.25136415845
10760;Ferreteria;Noche;41.08567750561113;31414.64786035936
10046;Ferreteria;Noche;8.491466151779484;17027.258109416387
10326;Hogar;Noche;36.02448284654672;25348.23848606489
10989;Ferreteria;Noche;45.04142753825904;33548.16706709556
10784;Indumentaria;Mañana;47.274282410409455;35122.92874425252
11184;Ferreteria;Tarde;53.04566778902556;34049.21022628942
10324;Indumentaria;Noche;20.64064186858438;21293.421081307155
10202;Hogar;Noche;30.689073783805167;24597.7362051
11165;Indumentaria;Noche;17.422397522961745;10391.636714144794
10867;Indumentaria;Mañana;34.91582591718602;18432.87088395463
11377;Electronica;Mañana;50.32452382136498;17233.914692779595
10914;Ferreteria;Tarde;44.578645298879664;33444.29578919536
10005;Ferreteria;Noche;29.302830860633573;35921.190095136655
10295;Ferreteria;Mañana;40.92131998389846;17339.957733475676
11047;Electronica;Tarde;77.04838693204087;28634.909659989276
11260;Hogar;Mañana;12.51777621430498;38296.61392811735
11335;Indumentaria;Noche;43.981278936562006;34844.48343095365
10998;Ferreteria;Mañana;39.50248416731848;27952.25865160205
10471;Ferreteria;Mañana;57.868246591971456;26403.95974368794
11067;Hogar;Tarde;55.46379900520768;30867.623065128675
10761;Indumentaria;Tarde;25.683368320526437;20224.092872193825
10691;Indumentaria;Noche;60.89910834088726;13184.421522837209
10286;Electronica;Noche;27.873538612263;31732.037438527976
10959;Hogar;Mañana;38.26847663267053;26716.346759655717
10198;Electronica;Mañana;40.88657464418203;22721.864179702432
11001;Hogar;Noche;55.54430687860302;12108.260553291622
11308;Electronica;Tarde;38.84047962028798;25516.968249444257
10260;Electronica;Tarde;68.74180881183136;17214.145797375597
10797;Hogar;Noche;57.971170374612605;9518.15532153794
11227;Ferreteria;Tarde;42.02285227386366;14972.870630206762
11463;Hogar;Tarde;34.36822379630191;10331.923648065233
11120;Indumentaria;Noche;34.78573386289869;33071.21644312421
10333;Hogar;Noche;20.6563312882324;41829.85534253047
10613;Indumentaria;Mañana;33.08360919796979;16837.587621908217
10649;Electronica;Tarde;60.41556609908535;16974.286476879668
11471;Indumentaria;Noche;60.03976369481742;24434.268193759337
11339;Indumentaria;Tarde;37.07949242155043;34957.22225228241
10338;Ferreteria;Tarde;40.23640201764393;29444.7094773515
10113;Indumentaria;Mañana;26.922873116935847;33615.382602342805
10549;Hogar;Noche;33.33121780998928;28768.846398899896
11374;Hogar;Noche;47.3617188744115;38110.33545067141
11451;Electronica;Noche;53.83709038541959;29390.803406470623
10676;Ferreteria;Tarde;30.53558040365448;23385.43922452361
10808;Indumentaria;Mañana;44.927630671423046;23369.272554090807
10502;Electronica;Mañana;48.93543570485494;28861.55241292923
10898;Hogar;Noche;58.49152561133583;34005.542528135324
10870;Electronica;Noche;17.39506445648742;26591.97211033546
10239;Ferreteria;Noche;66.43986394069282;14086.017958256716
10188;Hogar;Tarde;38.82868541010944;43666.31457319826
11106;Electronica;Tarde;44.96750320158171;12311.186729424291
11324;Electronica;Tarde;48.5092117820181;38520.19076334355
10145;Hogar;Mañana;38.822607685216205;26576.214663018407
10600;Electronica;Mañana;76.23523116143377;22899.677413743502
10538;Electronica;Tarde;44.391422598822366;31726.710074933253
11414;Indumentaria;Tarde;69.55238535168674;19273.22766937708
11285;Indumentaria;Mañana;57.90684072633305;37522.9813966772
10793;Ferreteria;Tarde;32.006595779891256;36391.69817415846
11488;Electronica;Noche;82.19084128064867;23935.82495487929
10432;Electronica;Noche;49.46881597889704;18686.86697285918
10088;Ferreteria;Mañana;76.934198336184;21930.476643352125
10769;Electronica;Tarde;56.7946906482067;32064.369021608232
11157;Electronica;Mañana;67.16522816906517;35538.26246222068
10322;Ferreteria;Tarde;47.01277761266579;16729.484238554
10408;Ferreteria;Tarde;43.8369927720901;27303.9007594186
11465;Indumentaria;Mañana;5.5982061397393394;18083.18287105605
11352;Hogar;Mañana;58.26363458660716;26419.033367315744
11284;Hogar;Noche;59.13852822804284;34553.28146019566
11412;Electronica;Tarde;32.698174198556856;24765.59085425385
10572;Electronica;Tarde;60.98021439812446;29439.521596538696
10043;Ferreteria;Tarde;43.8627390627268;23885.66390578697
10272;Ferreteria;Mañana;25.75591006052558;20522.144702879144
10924;Electronica;Tarde;36.43992977080012;18661.04884156552
11395;Indumentaria;Tarde;56.33887787465691;25613.87390973209
10491;Electronica;Mañana;42.06208769868243;7056.356999521646
10081;Ferreteria;Tarde;42.50425005962514;20522.698481728272
11160;Ferreteria;Noche;54.29349708267161;20974.74476580586
10237;Indumentaria;Tarde;10.737782137764896;42458.85200954161
10155;Indumentaria;Tarde;35.002192780897275;22674.314053174243
10684;Electronica;Mañana;47.84567593088288;31003.57256709899
10983;Electronica;Mañana;48.44889701840145;13551.850815364834
10279;Indumentaria;Tarde;41.92079588707532;20464.100193524584
10210;Hogar;Noche;46.93597197360253;21090.498958791926
11152;Ferreteria;Mañana;9.540472586217298;37667.02305223626
11230;Hogar;Mañana;44.60045033332255;19070.452797895363
10148;Electronica;Tarde;45.43570158572616;27185.593592176352
10786;Hogar;Noche;47.81703821836633;13778.058214109862
11175;Hogar;Mañana;29.69393154251645;26395.003085400134
11056;Ferreteria;Mañana;53.96597562170436;16944.21382558468
11143;Hogar;Tarde;33.29189852656012;23660.606386531254
11061;Electronica;Mañana;68.11178717992124;30781.467529647685
10855;Electronica;Noche;48.498089459778114;33856.51388852108
11290;Electronica;Noche;53.48530619504085;9158.7963275601
10995;Electronica;Mañana;38.66230898366935;12569.32651443982
11402;Electronica;Tarde;63.192314775478;24967.97486531853
10695;Ferreteria;Mañana;51.90629594160072;18104.920568040485
10308;Ferreteria;Noche;50.51283453764056;14886.846919778704
10634;Indumentaria;Mañana;59.42781534307408;18918.55415017013
11473;Indumentaria;Mañana;59.429349293330674;24978.238439127097
10946;Electronica;Tarde;32.28855461823081;28768.58624754762
10636;Electronica;Mañana;76.64166891963688;27448.96560809568
11203;Indumentaria;Noche;61.63182573713048;13283.183493995006
10209;Electronica;Mañana;42.4612367391554;24288.642395849904
10537;Hogar;Noche;31.50318205823741;35251.1403918627
10933;Electronica;Noche;29.427462793695994;40064.658024557866
10865;Electronica;Noche;40.3886483310261;13598.694431501885
10467;Electronica;Tarde;49.01110473533196;34299.666292738446
11183;Ferreteria;Tarde;48.33651205454892;28197.192843351742
11072;Indumentaria;Noche;50.25512668842595;26938.778226917795
10243;Electronica;Noche;62.254357963742414;32593.38965142138
10389;Electronica;Mañana;19.61821667164171;30615.00625046336
11014;Electronica;Mañana;55.07220901510376;16248.686158302116
11307;Ferreteria;Mañana;57.24508733907516;40787.27672198768
10106;Indumentaria;Tarde;54.90015889675677;10555.541908663876
10658;Ferreteria;Mañana;53.97086544679363;16493.500169106366
10589;Electronica;Noche;39.07803655613854;32393.56372792161
10590;Electronica;Noche;37.14683428069714;9309.378750658923
10191;Hogar;Tarde;11.64581953506704;19333.858084775893
11323;Indumentaria;Tarde;34.15326554041579;34482.9582465903
10117;Indumentaria;Tarde;54.15366563407119;25727.75181420327
11041;Indumentaria;Tarde;43.63238649722155;24878.95944511224
11193;Ferreteria;Tarde;45.84942677718255;15178.117267163829
10411;Ferreteria;Noche;62.994880137878525;16496.72254037505
11468;Ferreteria;Noche;46.41462868393449;27045.18163080344
11273;Hogar;Tarde;39.63084252898028;23763.086867624752
11258;Ferreteria;Noche;66.53153678759028;27325.92877560943
10799;Hogar;Mañana;45.909132535124;5820.009030962738
10352;Electronica;Tarde;55.25127756935136;16949.84516539612
10980;Ferreteria;Tarde;29.445734910375872;26719.16603070576
11028;Electronica;Tarde;47.60514969207789;22043.75322994912
10509;Indumentaria;Noche;48.48192767788005;21739.599838636168
10773;Ferreteria;Tarde;74.15404572274755;18689.307506905017
10095;Indumentaria;Mañana;19.23756398788861;21513.44818267015
10887;Indumentaria;Noche;48.20468822268708;24044.51300845025
11422;Hogar;Mañana;34.82271892462381;23204.94312086931
10162;Ferreteria;Mañana;46.22344552476548;31004.288923482447
10888;Ferreteria;Tarde;32.0997995763219;25924.783976509763
10479;Ferreteria;Mañana;83.20249922172965;33338.88369994245
11388;Hogar;Noche;62.76258791490218;22143.14246200865
10179;Hogar;Tarde;58.13573793601471;12119.428420684986
10350;Ferreteria;Noche;50.13918597320835;20836.94303838084
10831;Electronica;Tarde;32.71504964761985;18036.86692997074
11364;Ferreteria;Mañana;62.11283243432483;32776.72655005169
10992;Indumentaria;Tarde;24.817727456216662;38192.530297603895
10802;Electronica;Mañana;63.647751558215376;21539.191147545876
10130;Ferreteria;Noche;49.68737520385708;32909.444482757914
10697;Indumentaria;Mañana;46.66334218331652;21113.098492765566
10904;Hogar;Noche;42.49205785391472;19905.12330457114
10364;Hogar;Mañana;44.259346446657226;19742.801353691484
10312;Ferreteria;Mañana;37.4684549385168;21491.314314522588
10746;Hogar;Tarde;41.17650232697312;15046.59909857734
10085;Hogar;Noche;62.032275245441554;24087.52662102115
10358;Electronica;Tarde;36.41554420823901;34909.566152515195
10029;Ferreteria;Tarde;47.4997924284527;25691.42813662748
10837;Electronica;Tarde;22.66499467314042;31368.74164798855
10753;Indumentaria;Noche;68.47757898793316;19050.707093065877
10838;Ferreteria;Noche;32.663526341177054;31868.94718460812
10465;Hogar;Tarde;53.8852788166226;28289.457276674315
11009;Ferreteria;Mañana;48.17624577121691;9087.685542791878
10568;Hogar;Mañana;54.46584777032259;7587.351315007072
11008;Ferreteria;Tarde;37.34497525188378;24931.45369591387
10277;Indumentaria;Noche;13.050346866255794;18321.892884860838
10672;Indumentaria;Noche;48.39451402232801;17573.026641422242
10217;Electronica;Tarde;41.4450124340976;25163.9441034082
10441;Ferreteria;Noche;36.27243252124469;33385.682150093824
11413;Ferreteria;Noche;15.963516791831424;18857.36587834242
10108;Indumentaria;Mañana;47.44004998496298;21711.537665063654
10446;Hogar;Noche;38.46254488617732;34912.10393612772
10091;Ferreteria;Tarde;68.98683502724063;33097.09168726824
11252;Ferreteria;Mañana;49.73603848316036;39370.59141187748
10873;Electronica;Noche;56.19132179309526;33968.91903959294
11486;Hogar;Mañana;52.79421689771702;15296.600460398884
11255;Indumentaria;Noche;24.16662668740381;12011.732924812752
10331;Electronica;Mañana;26.79108929021153;17372.648780978598
10100;Hogar;Noche;44.79923076520441;24547.682048146125
11436;Indumentaria;Tarde;34.41668862332625;26790.29893246275
10630;Electronica;Tarde;35.71145302530837;20162.70346003828
10548;Indumentaria;Tarde;48.02849339442676;21593.689256681613
11330;Indumentaria;Tarde;44.802405172165095;18810.198563923237
10294;Indumentaria;Mañana;56.83348947050176;19647.96301696146
11287;Indumentaria;Noche;66.31924474428749;14492.086946475
11311;Indumentaria;Mañana;41.10912366094116;25718.84930330706
11292;Ferreteria;Tarde;68.26732566893556;24427.702303483897
11195;Electronica;Tarde;49.5213077327515;18108.762921736237
10203;Electronica;Noche;30.69593080470453;19887.011820224285
11429;Hogar;Tarde;53.78236115624424;11912.089316481806
10988;Indumentaria;Mañana;33.26964202338841;20698.60335045246
11040;Electronica;Noche;31.71068530058106;21259.54312143453
10576;Electronica;Mañana;46.27174296965938;18368.579095960835
10584;Indumentaria;Tarde;36.81831001590385;19819.416035404807
10955;Hogar;Mañana;38.1040390293866;39936.29687048982
10410;Hogar;Tarde;53.6986345120788;16919.632485729406
10777;Ferreteria;Mañana;35.00641913612659;24126.140558507643
11038;Electronica;Noche;71.48563899675605;26837.131331118955
10725;Electronica;Tarde;64.6031114381291;22473.74098847864
10186;Indumentaria;Noche;51.43218471931046;37768.38793116445
10010;Hogar;Mañana;22.00896946656361;27877.89411485968
10599;Indumentaria;Mañana;59.35250596734146;32373.627880802826
11134;Hogar;Mañana;40.92777798589598;36985.56229532119
11019;Electronica;Mañana;44.36496512702645;28864.506874090588
10780;Electronica;Noche;35.70098718892656;32578.899195679714
10718;Ferreteria;Noche;48.298757259089015;39171.11179511213
10345;Hogar;Mañana;51.49092898695277;30098.829463003163
10736;Ferreteria;Tarde;48.44808312185906;21440.84522760923
10735;Hogar;Noche;52.7579525180852;13849.653068239812
10383;Electronica;Mañana;47.23126344352823;23418.261261778967
10323;Indumentaria;Tarde;46.6918179394364;25099.81639468374
10092;Indumentaria;Tarde;61.87197966889788;19972.92727203889
10361;Electronica;Mañana;29.79393012876204;14920.148172493473
10372;Indumentaria;Noche;75.62618865844277;30515.239494242134
10909;Indumentaria;Mañana;47.00939860748467;23072.05444915843
10579;Indumentaria;Mañana;49.07132240701414;24903.903413604294
10987;Ferreteria;Mañana;36.5859717866438;20360.21120687341
10496;Hogar;Mañana;42.47115568783877;20442.78852673339
10354;Ferreteria;Mañana;57.88885837499761;24778.27547003681
10073;Indumentaria;Tarde;50.46410108706658;19872.765206015338
11167;Indumentaria;Mañana;18.259428848279644;31882.103771209564
11303;Indumentaria;Tarde;52.44997101341062;22044.546484314407
11300;Hogar;Mañana;18.52619423782736;30403.27295144833
11305;Hogar;Noche;64.62473746337153;26237.573994762588
10857;Hogar;Noche;25.150934653423423;24594.32624107613
10256;Hogar;Tarde;44.795957483320166;24686.621035150245
11460;Electronica;Noche;48.07900340401627;40537.51690155017
10288;Electronica;Tarde;45.73003105324576;31436.008447591677
11331;Indumentaria;Tarde;42.14207448504484;37304.52348884376
10433;Ferreteria;Noche;49.3309859207994;27764.907331082948
10629;Hogar;Noche;47.17858075172498;36555.89991157201
11298;Electronica;Mañana;64.46132131934556;35228.99110440918
11370;Hogar;Tarde;38.43587614864551;16134.022778257078
10616;Electronica;Tarde;55.84044014283928;17522.570316133962
10388;Electronica;Noche;36.62835963441066;32048.98511423621
10836;Hogar;Tarde;41.73688877124084;34757.685999121546
10280;Ferreteria;Tarde;24.638955603206835;15946.106245458916
11037;Hogar;Noche;50.17345512374879;30256.48055007206
10688;Hogar;Tarde;47.773512253934655;26823.437360079624
11178;Hogar;Noche;31.9991553805732;25665.517733772114
11112;Ferreteria;Mañana;67.48551606989139;20559.903044402505
10305;Electronica;Mañana;62.13577715961189;32419.25993431044
10125;Ferreteria;Noche;59.17790590520391;18309.6950501969
11034;Electronica;Tarde;32.73897283366919;21890.041398353744
10267;Ferreteria;Mañana;54.58174619172314;16600.966072857962
10536;Ferreteria;Tarde;20.889605144961305;29228.14307515941
10228;Electronica;Noche;36.64078313843879;16043.554191292716
11347;Hogar;Mañana;54.89581799484591;23819.843483055552
10401;Ferreteria;Tarde;48.61572715662248;27319.619525998787
10363;Indumentaria;Mañana;66.17564063897184;22805.71975429919
11000;Indumentaria;Mañana;43.31628799572512;31452.65676328588
10147;Hogar;Tarde;20.080807600833484;18616.052782548188
10663;Indumentaria;Noche;64.33904794073455;24142.776951715707
10416;Electronica;Tarde;41.88553420526432;37469.76970274749
10195;Indumentaria;Tarde;49.97957600930224;20694.72799034617
11419;Electronica;Tarde;48.85695978627932;32485.395651086343
11359;Hogar;Noche;24.02220527902224;31206.285254345763
11074;Electronica;Noche;45.81031089071234;14178.171697565656
11075;Electronica;Mañana;65.19998734255181;28099.45497267408
10922;Electronica;Tarde;57.80587008385916;16915.030633684753
10923;Hogar;Noche;48.54488854091663;39087.91668180282
10012;Hogar;Noche;51.243545503913936;36692.209650212026
10008;Hogar;Noche;30.09815660914984;25639.811958224564
10468;Electronica;Noche;61.98052479442554;25375.204525521687
11222;Electronica;Mañana;64.9763545559183;19976.853297733687
10278;Electronica;Tarde;32.79968028316624;21251.54010939313
11046;Hogar;Mañana;20.1740551150022;34817.21339298235
10641;Indumentaria;Tarde;56.893994107288776;40762.06758907309
10921;Hogar;Tarde;37.78389663923274;23393.640025051005
10040;Hogar;Mañana;60.16293360557759;33975.245687857074
10121;Electronica;Tarde;61.16930842658637;26347.21565548379
10328;Ferreteria;Noche;48.73797814103485;22065.378672743376
10075;Indumentaria;Noche;48.02550839874821;32530.062838358383
10886;Electronica;Noche;23.719371936787898;27491.585246597693
10868;Hogar;Tarde;56.74255747106838;31959.485219584207
10270;Indumentaria;Tarde;31.683629921831475;44433.15457609722
10348;Ferreteria;Noche;37.45282122147628;19238.16729984839
10375;Ferreteria;Noche;52.98045289938678;39314.50468691334
10056;Ferreteria;Tarde;59.22762305575005;30417.174930861045
10082;Electronica;Mañana;44.311788270286215;19807.570236573018
10132;Electronica;Mañana;56.60749115463419;28478.64976613476
10970;Ferreteria;Mañana;61.13090168469115;4357.0267522790455
10794;Electronica;Noche;57.49348992896084;36690.27422028189
10730;Hogar;Tarde;47.07448034678716;41096.27304768488
10622;Hogar;Mañana;63.21404475688918;32921.558051918764
10048;Indumentaria;Tarde;48.53643198602107;34667.60406414523
10009;Indumentaria;Mañana;53.69098858761005;37894.32473049917
10578;Indumentaria;Noche;52.8564032616852;23148.1201119983
10337;Hogar;Noche;54.99675475070084;20746.704797442657
10494;Electronica;Mañana;65.03708499737242;22625.81391227444
10309;Indumentaria;Tarde;35.75669169890088;16252.507343228706
11125;Ferreteria;Tarde;29.94163381171741;21449.133196405302
11154;Ferreteria;Mañana;10.175543899501273;21908.358153952595
11369;Indumentaria;Mañana;45.08750319998151;24269.93958134697
10704;Electronica;Noche;35.125898351980226;29481.89631590765
10627;Indumentaria;Tarde;23.40653919935724;23569.799329736757
10245;Indumentaria;Noche;31.739768181611904;24949.22863141732
10271;Ferreteria;Mañana;46.72303565308323;35402.50553708474
10060;Hogar;Tarde;41.82995871673511;28763.789248933856
11078;Indumentaria;Mañana;63.29255353068368;31292.832868928617
11424;Ferreteria;Tarde;63.47976706904453;10438.817424033368
10824;Ferreteria;Mañana;32.4196571444416;23791.79236922357
10072;Electronica;Noche;28.89556490996828;21021.85908862129
10032;Ferreteria;Tarde;57.133938007069474;40299.27527933439
11401;Hogar;Tarde;83.43791488998774;5850.526786126971
10661;Hogar;Tarde;61.3475330467565;11641.598775229224
11089;Indumentaria;Tarde;40.00242502753609;33663.70216815289
11111;Electronica;Mañana;65.94942719260968;31106.087374998737
10984;Ferreteria;Tarde;60.81193014028468;29525.735836422955
11420;Electronica;Mañana;27.094335185087576;25035.9963901482
10156;Hogar;Noche;69.0917923774694;30576.52219211509
11261;Hogar;Tarde;49.56954444522077;25422.204130382583
10248;Electronica;Mañana;43.15232677784926;11010.031390908896
10941;Electronica;Tarde;42.80486469517746;36071.84392937614
10063;Electronica;Mañana;53.61462661257726;9515.32256386351
10557;Indumentaria;Noche;37.98848484262545;24727.080779885244
10745;Indumentaria;Noche;62.93004177004224;16867.512967901203
10829;Ferreteria;Tarde;28.519462839229494;33735.13051323288
10605;Hogar;Mañana;49.60406561039328;21652.231755862435
10603;Indumentaria;Mañana;55.11601862241479;29019.57813383206
11363;Indumentaria;Tarde;24.63313657113185;14252.584263026434
10954;Hogar;Tarde;39.47662087138363;29108.54741882704
10560;Ferreteria;Tarde;75.49940654199685;22617.62080364569
11002;Electronica;Noche;48.96966007681934;26668.03856930594
11223;Hogar;Noche;45.65810039743462;1865.3392083983451
10062;Electronica;Tarde;44.592623498938856;18491.649964816635
10176;Hogar;Mañana;25.08426156365081;21480.296700747385
11012;Indumentaria;Tarde;36.61507908177003;24786.47027871585
11082;Electronica;Mañana;30.4032695966802;26242.39873185952
11039;Hogar;Noche;35.581751783373164;17624.403783479513
10595;Ferreteria;Mañana;69.62290422966227;24367.504130733792
11026;Indumentaria;Tarde;46.443911646050736;29480.121179263413
10263;Electronica;Noche;32.44021381002913;13888.118910620336
11387;Ferreteria;Tarde;55.76536112159195;22180.44107379186
10720;Indumentaria;Mañana;69.32400149649482;33515.86202886855
11365;Indumentaria;Tarde;44.72261117410428;35427.4675321259
10655;Electronica;Tarde;48.86641324290167;19160.47243278362
10762;Electronica;Tarde;26.90593036075797;26453.39418322777
10957;Electronica;Tarde;51.81020702575151;12874.317292790058
10652;Hogar;Noche;62.2544403945209;30216.97497164429
10151;Hogar;Mañana;49.55167126386068;28360.943986015784
11278;Electronica;Mañana;69.60800356338555;20618.96097188171
10351;Electronica;Mañana;48.30104449450079;22828.35411638341
11166;Electronica;Noche;30.175967127347867;28660.13192101398
11107;Indumentaria;Noche;64.08088473509825;19696.16975928624
11469;Electronica;Tarde;70.91224107046482;31366.845037232364
11405;Ferreteria;Noche;35.452114152365965;17819.466519997066
11390;Indumentaria;Tarde;35.29026887504944;22818.5757473592
10577;Indumentaria;Noche;43.73021187227359;20026.387550088897
10244;Hogar;Tarde;51.06385792520179;31818.76133169413
11421;Electronica;Tarde;40.47980325462673;23058.96969759875
11240;Electronica;Mañana;43.99489287084735;41486.58240908277
11100;Hogar;Mañana;36.05407173096772;26476.514820363027
10880;Electronica;Noche;58.89366482287337;23078.17706982041
10087;Electronica;Tarde;53.24212188748101;17249.346947625978
10825;Ferreteria;Tarde;51.04232581624465;19887.596823319756
10550;Electronica;Noche;44.725447739677655;14008.003620613552
10105;Indumentaria;Mañana;37.564548859650834;35976.49139159748
10409;Indumentaria;Noche;54.51810432085837;31268.664548378343
10767;Ferreteria;Tarde;73.78501339827909;32061.18461610496
10815;Electronica;Tarde;47.76979163856901;27780.71282050216
10076;Ferreteria;Tarde;57.90306363030726;19844.904569615777
11099;Hogar;Noche;39.90597548267449;33094.77666911532
11096;Indumentaria;Mañana;59.66352048242319;24376.052827319552
10380;Ferreteria;Mañana;56.18106296018102;15659.997125223788
10204;Ferreteria;Noche;28.96124109071763;12859.702943876846
10650;Hogar;Mañana;33.16588846861394;32357.642345817323
10835;Ferreteria;Noche;54.35283154426138;19537.741132631447
10507;Hogar;Noche;24.322059749351293;30515.45256412106
10851;Indumentaria;Tarde;50.24392499040446;27945.29356042766
10435;Ferreteria;Noche;18.0861415423491;28769.149998096724
10212;Electronica;Mañana;15.781700441047915;32583.872958855856
11400;Hogar;Tarde;45.62584066823547;24363.78185833441
11375;Electronica;Mañana;37.70464659675281;29880.47014044963
10093;Indumentaria;Noche;33.00908885757847;22426.699879532644
11334;Ferreteria;Mañana;47.58276138360236;29190.21769246943
10683;Ferreteria;Tarde;68.94119603299723;22372.13622871573
11027;Hogar;Mañana;23.3416563380413;8847.84619967294
10647;Electronica;Tarde;54.54439752657915;16989.132006155593
10947;Ferreteria;Noche;53.08209317627931;26746.771467183175
10714;Ferreteria;Mañana;30.0565191566622;16099.373583911596
11133;Hogar;Mañana;50.30146299729618;10875.33758049988
10290;Electronica;Tarde;75.29756837481384;40499.63917550739
11368;Electronica;Tarde;54.81738735106806;31231.28544169646
11406;Indumentaria;Noche;57.99479925393086;22338.761455373824
10701;Ferreteria;Noche;35.871208709903684;8849.970347333678
10520;Ferreteria;Noche;64.1046049822747;9069.423620958314
10498;Electronica;Tarde;40.56034734891399;17025.461580024283
11385;Ferreteria;Tarde;38.05248580390813;22196.436126110268
10227;Indumentaria;Tarde;34.4509271615479;33677.80913739956
10853;Hogar;Tarde;64.04518259403201;31139.808580160265
11259;Hogar;Mañana;11.859725912649845;22114.500244180326
10002;Electronica;Tarde;38.90696642067251;30610.04447341382
10222;Indumentaria;Tarde;53.13695792250356;27703.469765077298
11159;Ferreteria;Noche;38.74946099648499;27174.365481058696
10711;Indumentaria;Mañana;30.44994048736436;11876.309143548731
10018;Ferreteria;Mañana;18.857635023996373;21981.42791905392
10252;Ferreteria;Mañana;40.4662548611772;16406.772944987115
11233;Electronica;Tarde;33.76824617033976;22019.449260988407
11341;Ferreteria;Tarde;52.262386783994295;21550.8249345445
10185;Electronica;Noche;70.10907627183781;10138.24110913831
11411;Indumentaria;Noche;49.9405971837529;27813.965815000247
11054;Electronica;Mañana;25.55964569622912;13936.52039746575
11293;Electronica;Tarde;12.504287348763327;19853.404833882763
10238;Hogar;Mañana;48.58962700230519;23574.244156918103
10019;Hogar;Mañana;44.92557023939943;41206.456735290005
11297;Electronica;Mañana;56.009838411278494;39954.15426572993
11276;Electronica;Noche;33.10311982249275;30001.19090808314
10449;Indumentaria;Noche;46.697013565199576;16531.83959965952
10463;Electronica;Noche;53.63669673999679;28414.61579812809
10912;Electronica;Mañana;36.26832609314358;25428.18238319236
10395;Ferreteria;Mañana;34.267924543027924;18525.69370204567
10269;Hogar;Mañana;68.82066234104373;9268.485846911608
10842;Electronica;Noche;60.749764388570746;34049.84073327211
10942;Ferreteria;Noche;31.132541861165947;37424.32861034119
10381;Indumentaria;Noche;31.71126006061081;27572.40410437981
11396;Hogar;Tarde;48.099696571475086;42687.12794240625
10438;Hogar;Mañana;37.37316989955384;30436.098032635284
10329;Ferreteria;Tarde;51.32210174813854;36982.212329936185
11435;Indumentaria;Mañana;26.739058215161013;30668.48251885316
10420;Indumentaria;Noche;57.09846265021499;18634.48189603779
11179;Hogar;Mañana;26.61348274863597;12838.594355532448
10679;Indumentaria;Mañana;41.79431772006178;20109.417766247137
11119;Indumentaria;Tarde;44.54144754873757;31893.07730377717
11253;Indumentaria;Noche;49.58443845687231;31375.85746170895
11135;Hogar;Noche;47.33283638932494;23957.547269207105
10296;Indumentaria;Mañana;45.4098414129626;25799.40137773793
10826;Hogar;Tarde;45.15262606112146;4046.05818466486
10455;Hogar;Mañana;50.22408339604088;28530.172276173504
10481;Indumentaria;Tarde;40.23981610907087;32548.535055205957
10415;Electronica;Mañana;34.88669390532204;26812.735931942483
10084;Hogar;Noche;26.813140817261587;33854.80145751857
11410;Ferreteria;Mañana;38.337669635508426;18948.114668215727
10972;Electronica;Mañana;46.97579834301474;21937.464124601167
11336;Hogar;Noche;42.13773891818482;26429.243848103302
10143;Ferreteria;Noche;39.63424226596133;26007.871635591284
10524;Indumentaria;Mañana;46.607403416733646;20011.39127038388
11070;Electronica;Mañana;32.48453731505975;12475.004348884382
10022;Indumentaria;Mañana;61.37327136470995;13595.253476175176
10680;Ferreteria;Tarde;53.404596619846586;19627.5031953259
10158;Electronica;Noche;30.11485740187724;14681.87534587952
10530;Electronica;Noche;28.27878439012666;17135.022923345266
11478;Indumentaria;Mañana;48.20179528919716;9828.62099152262
10665;Electronica;Noche;78.28109515801262;18441.075639729985
11151;Electronica;Mañana;57.0438595362099;22921.220663975
11098;Indumentaria;Mañana;24.359366043159685;33264.599876788125
11127;Indumentaria;Noche;59.366846027053;26351.99728248923
11176;Hogar;Noche;37.37415943112897;23538.7036810904
10476;Electronica;Tarde;57.134782725494645;31545.01828998547
10752;Indumentaria;Noche;40.96508239044988;33950.60522965137
11202;Ferreteria;Noche;56.236347663796046;32278.48177962858
10508;Ferreteria;Mañana;39.61466154216321;24029.39776553308
10274;Electronica;Mañana;63.96867566007696;13792.645375126967
10144;Ferreteria;Mañana;39.09027955046368;25239.72352077801
10601;Ferreteria;Mañana;27.640200195232733;20989.076644128385
10707;Ferreteria;Tarde;47.36626171544573;32589.65533994453
10444;Ferreteria;Noche;60.57359389298635;19085.195045068096
11091;Hogar;Mañana;8.889836895240869;16396.617785242677
10758;Electronica;Mañana;22.129418250182912;26235.87196575249
11138;Ferreteria;Noche;54.2355109404383;30742.3479609905
10877;Indumentaria;Noche;37.09317921877325;10130.181031250631
11493;Indumentaria;Noche;69.92161520592595;33568.664645824254
11177;Ferreteria;Noche;35.088869459470374;21510.065839065464
10841;Ferreteria;Mañana;68.74838294538759;9439.450137090307
10177;Hogar;Tarde;44.762704346068986;29397.59534648804
11445;Electronica;Mañana;24.24819722897016;39396.95008041547
10788;Ferreteria;Mañana;64.37920044850298;24507.573296518443
11299;Indumentaria;Noche;46.71520336955533;30229.01510389572
10298;Electronica;Tarde;38.60359462330248;18312.04126722973
10628;Hogar;Noche;47.70874809912544;30413.18351439425
11162;Indumentaria;Tarde;66.9260720030234;30656.36715307257
11189;Ferreteria;Mañana;54.72132546990613;24272.5746174106
10146;Hogar;Mañana;23.33163834712804;28327.812969742416
11137;Indumentaria;Tarde;46.88549733265476;37981.10030428334
11348;Ferreteria;Noche;20.21449476444286;22517.04973134964
11353;Indumentaria;Mañana;62.54701428882826;8201.014142247626
11407;Electronica;Tarde;69.11461381674326;35141.11500848367
10939;Indumentaria;Noche;79.50593464027756;23976.202915771875
10052;Hogar;Noche;63.66050922202293;31988.13139575801
11329;Electronica;Tarde;60.627782156220434;33726.581342844154
10431;Indumentaria;Tarde;80.45576803945052;18880.43807297373
10583;Indumentaria;Tarde;62.13240042379293;25066.23419466747
10911;Electronica;Tarde;32.335814722155064;35071.06698631624
11444;Hogar;Noche;32.0406132474718;5774.587259263848
10349;Hogar;Noche;66.65994998361819;25152.75775966052
11398;Ferreteria;Mañana;57.151209778637785;21421.9232729373
11301;Ferreteria;Mañana;40.59229445479341;23938.854845927
10861;Electronica;Tarde;23.14743195910016;18436.33720355465
10042;Indumentaria;Mañana;35.93491392655032;18328.125166404265
10801;Indumentaria;Tarde;29.524244820996596;26754.477084641392
11480;Hogar;Tarde;68.414246986486;21237.574859168304
10981;Ferreteria;Tarde;44.27690877769406;13743.6622916606
10792;Electronica;Tarde;54.93721590246773;33773.60505686644
10889;Electronica;Tarde;29.54978136205338;16068.761760399744
11077;Electronica;Mañana;22.133769928185345;16225.713300405225
10355;Hogar;Noche;50.19266618749112;22028.2280011076
11155;Electronica;Mañana;29.01450423966837;32252.52608546961
11316;Indumentaria;Mañana;50.59249487697949;22504.784135128968
11153;Indumentaria;Tarde;29.172322918452625;13415.492570855002
10968;Indumentaria;Noche;48.840822964248886;6615.107302962038
10559;Indumentaria;Noche;53.35261767829381;21897.59912906982
11043;Electronica;Tarde;56.56558379929882;22950.875247716587
10709;Ferreteria;Tarde;18.883960349060263;25330.948351991123
10708;Ferreteria;Tarde;42.21994315776362;22966.01494869813
10314;Hogar;Tarde;49.400909334628544;17367.686915645136
10716;Hogar;Noche;64.06049377638287;18082.222923847294
10916;Indumentaria;Mañana;36.09307016615513;42092.16596232082
10519;Indumentaria;Noche;13.261200067935118;12657.494863440264
10456;Indumentaria;Mañana;27.270857236087185;28041.586953227157
10798;Electronica;Mañana;58.5517355413665;18877.759504453265
11343;Electronica;Noche;38.98896646218914;31634.271307407093
10122;Indumentaria;Noche;56.3881649987975;23328.000314450142
11428;Indumentaria;Mañana;26.14857982656541;21180.33981242305
10098;Indumentaria;Noche;35.96841970828112;26812.06919737609
10991;Ferreteria;Mañana;42.25212981424317;17349.780339478937
10908;Hogar;Tarde;35.252677827887695;22423.894582337307
11392;Ferreteria;Tarde;38.71026682002418;25630.34414566277
10618;Hogar;Mañana;78.59614559891797;33923.733464761695
10620;Ferreteria;Noche;61.26790569742632;41083.85307673262
10734;Indumentaria;Mañana;60.03127824885614;12677.300055028836
11492;Hogar;Tarde;65.23987594418766;13967.260855362943
10782;Ferreteria;Tarde;47.58891155872299;18918.61555907824
10591;Ferreteria;Tarde;44.43964738137092;20484.842867946376
11156;Indumentaria;Tarde;33.49473709647;14734.839932429952
10332;Ferreteria;Noche;74.15815339662905;25072.35366559172
11441;Indumentaria;Mañana;44.43510084711839;27389.235586075923
11289;Electronica;Tarde;28.773787690517395;19630.851145895027
10316;Hogar;Mañana;26.11902526105484;26028.431387120523
10742;Indumentaria;Mañana;52.54927003224973;17045.786306488364
10353;Ferreteria;Noche;36.0879813483767;22248.191428529637
11495;Electronica;Noche;37.01008541236861;29471.247689313288
10109;Hogar;Tarde;32.15540145835276;23952.406222524216
10379;Electronica;Noche;52.924545520003775;21646.70446532822
10545;Ferreteria;Tarde;26.689949254771307;14155.764003389855
10104;Indumentaria;Mañana;67.17190239259892;31206.13773922541
11366;Hogar;Mañana;55.52773928238139;22119.74802404034
11161;Electronica;Noche;51.1609599490364;13707.470758528343
11340;Hogar;Tarde;48.59383321086253;25247.403342259997
10187;Hogar;Tarde;47.95950629989278;22146.09149392777
10899;Hogar;Noche;56.16876040799519;15406.902125213835
11088;Ferreteria;Tarde;56.52269346694271;17969.704893343136
10276;Electronica;Tarde;32.94954305909594;23530.695739980267
10768;Ferreteria;Noche;73.23542787770218;21564.278851990734
11129;Indumentaria;Noche;64.01883199997832;15404.98307672053
10849;Indumentaria;Noche;51.25895171787279;30621.53907855012
10638;Indumentaria;Noche;70.87675998387859;40747.81046741236
11124;Indumentaria;Mañana;45.63723808384763;31796.95573960564
10425;Electronica;Tarde;6.102807234873865;22940.3185207086
10741;Indumentaria;Noche;42.25232596642157;31488.706718316727
10103;Ferreteria;Mañana;30.8977662834493;19140.252343906766
10818;Ferreteria;Mañana;42.44730500240173;22042.423552231307
10975;Indumentaria;Noche;45.14896529599906;19090.94245086557
10715;Ferreteria;Mañana;44.07685089179927;16757.548213645292
11231;Ferreteria;Noche;36.17645310618475;19845.745460411606
10445;Hogar;Mañana;46.29551350610135;19225.702390124723
11051;Electronica;Mañana;47.5416274628953;34906.90266008089
10756;Indumentaria;Mañana;33.55276765284429;23478.73645009017
11443;Hogar;Mañana;33.762851029595986;17619.258665379773
10163;Ferreteria;Mañana;64.59836192646522;30585.76668908383
10013;Hogar;Noche;61.1427498199548;18022.77056645364
11372;Ferreteria;Mañana;48.03081924038469;21859.82636056961
11085;Electronica;Tarde;24.75676727738445;29016.15416797492
10168;Hogar;Tarde;36.26044688550823;30123.177479293423
10993;Ferreteria;Mañana;55.23089262865201;30011.923212084468
10581;Electronica;Noche;29.70657552420171;21563.14044833501
11485;Hogar;Noche;56.08373206565525;13284.46213269066
10224;Indumentaria;Noche;51.12517746592167;35007.63579381479
10892;Electronica;Tarde;24.283353661278795;17809.86220378081
10059;Electronica;Tarde;55.64300365961062;8820.307322232842
11032;Electronica;Tarde;57.01746029735884;16758.750932291245
11214;Indumentaria;Tarde;60.76642681048995;12901.795258071405
11185;Ferreteria;Mañana;50.49848635789683;25823.63533591129
10986;Ferreteria;Mañana;59.51231623857958;13507.658127646124
11304;Indumentaria;Mañana;42.65239453746941;17245.778501342797
10235;Ferreteria;Mañana;73.72068458996988;17248.56521401134
10918;Ferreteria;Mañana;57.17910492592937;17526.818295137247
10567;Ferreteria;Mañana;39.63133364428256;20933.91719283895
11094;Indumentaria;Mañana;49.95436294699711;26033.09562516138
11238;Electronica;Tarde;49.38977081100897;28645.49623131752
10552;Electronica;Mañana;25.979466757482705;25209.01978348631
10319;Indumentaria;Tarde;55.98210845227674;25561.98862571835
10917;Ferreteria;Noche;30.51363876590611;14890.333648167983
10440;Electronica;Noche;57.43987235892239;18966.351348839624
10699;Hogar;Mañana;58.55221062811022;20459.96052890301
10392;Ferreteria;Noche;72.91026668805807;35432.70768037596
10596;Electronica;Tarde;43.74598292113618;31279.92463076925
11065;Hogar;Noche;66.88660735952968;19085.33768514621
10832;Hogar;Tarde;6.1418104031991305;28451.63067195808
10393;Ferreteria;Noche;57.88965146540167;39710.14739013098
11016;Indumentaria;Noche;51.36709641371864;33867.653251542586
10539;Indumentaria;Mañana;27.32005365793125;22154.53671793692
11224;Electronica;Tarde;38.77497626497321;40477.44983531054
11490;Electronica;Tarde;67.40907299697517;28043.12843118321
10705;Electronica;Tarde;39.09364025290182;18516.93044460012
